author,review,review_date,note,response_yesno,response_date,response,neg,neu,pos,compound
Magaly PIN,Depuis bon nombre d'ann√©es √† commander sur Cdiscount je n'ai jamais eu aucun souci majeur,20/05/2024,5,0,,,0.0,0.712,0.288,0.567
Alemany Eric,"Tr√®s bien. Et puis moins d'agent pour les (gros) actionnaires retrait√©s am√©ricains d'Amazon qu nous √©crasent.Pour CDiscount, j'aimerais avoir les frais de port sur la page de pr√©sentation du produit, et pas en fin de processus d'achat.(ici c'√©tait gratuit, mais c'est toujours la surprise)",16/05/2024,3,1,17/05/2024,"Bonjour Eric,Merci de votre confiance et de votre fid√©lit√© ! üòäEn ce qui concerne les frais de port, n'h√©sitez pas √† faire vos recherches en cochant ""livraison gratuite"", ou ""Cdiscount √† Volont√©"" si vous avez souscrit √† cet abonnement.Vous trouverez √©galement des pr√©cisions ici : https://www.cdiscount.com/shipping/shippinginfo.html?shippingpartnerorigin=ftA tr√®s bient√¥t,Damien",0.0,0.873,0.127,0.5709
M.A.C,"meme en s√©lectionnant les produits ""exp√©dies par Cdiscount"", ils sont souvent en fait exp√©di√©s par des vendeurs en drop shipping qui facturent des frais de port",17/05/2024,4,0,,,0.0,0.916,0.084,0.3182
michele fedit,jamais decue avec c discount beaucoup de choix prix attrayants et qualite des produits,20/05/2024,5,0,,,0.0,0.703,0.297,0.6226
C√©,MA RECHERCHE ET COMMANDE S EST TRES BIEN PASSEE. ESPERONS QUE LA RECEPTION ET LES ARTICLES SERONT A LA HAUTEUR,18/05/2024,5,0,,,0.0,0.653,0.347,0.8385
Nadine Mengue,Le produit command√© est tr√®s satisfaisant pour le prix. Mais j'ai √©t√© pr√©lev√© de 29 ‚Ç¨ en plus qui correspondent √† cdiscount √† volont√©. Je ne le d√©sirais pas .Ma premi√®re exp√©rience √† donc √©t√© d√©cevante.,17/05/2024,3,0,,,0.075,0.798,0.127,0.358
Gigi Tintin,simplicit√© de commande et de paiement avec plusieurs option possible.choix et prix au top merci,18/05/2024,5,0,,,0.0,0.625,0.375,0.7351
Romain Machart,"Pas eux un seul soucis avec Cdiscount en tout cas les colis envoy√© par Cdiscount, ce que je recommande de s√©lectionner ainsi que Cdiscount √† volont√© pour profiter d'une meilleure qualit√© et suivit des commandes.",18/05/2024,5,0,,,0.069,0.757,0.174,0.5377
Dominique GOULOT,"Client depuis 14 ans toujours satisfait du service √† part quelques petites bricoles sans int√©r√™t. Ce qui me g√™ne depuis plusieurs mois, c'est le captcha qui est demand√© √† chaque fois pour une soi-disant s√©curit√©, c'est un argument bidon et cela est vraiment p√©nible, ce captcha est l√† pour faire avancer l'IA et non pour la s√©curit√© comme le pr√©tend Cdiscount, apr√®s avoir contact√© Cdiscount en leur disant que je ne commanderais plus, la r√©ponse a √©t√© la suivante, faite comme vous voulez, le captcha restera ! tr√®s commercial non‚ÄØ?",15/05/2024,3,1,15/05/2024,"Bonjour Dominique,Merci de votre fid√©lit√© et merci d'avoir pris le temps de partager ces remarques.Le captcha n'est pas l√† pour √™tre p√©nible mais bien pour des raisons de s√©curit√©. Ce type de test permet de v√©rifier que vous √™tes bien un √™tre humain et non un robot.Je suis d√©sol√© si cela vous d√©range, mais je ne pense pas que nos √©quipes sp√©cialistes en s√©curit√© ont pr√©vu de le retirer pour le moment...J'esp√®re en tout cas que cela ne vous emp√™chera pas de repasser commande.√Ä bient√¥t,Damien",0.125,0.777,0.097,-0.5508
MassimoFR,Je suis client depuis juin 2021 et n'ai jamais √©t√© d√©√ßu des 17 achats effectu√©s sur cdiscount.Le seul regret c'est le harc√®lement au niveau des courriels quotidien qui finissent parfois directement √† la corbeille.,11/05/2024,4,0,,,0.187,0.743,0.07,-0.7555
G.L,"Cong√©lateur Ha√Øer achet√© en mars 2024, manque deux clayettes et 4 supports ( 2 gauche et 2 droit pour les installer).R√©clamation faite √† plusieurs reprises chez CDiscount!Je les re√ßois enfin mais ne peux toujours pas les installer car j‚Äôai re√ßu 4 supports identiques m√®me c√¥t√© .Je viens de les rappeler √† deux reprises car je re√ßois un bon de reprise de mon cong√©lateur et non l‚Äôaccord pour m‚Äôenvoyer les pi√®ces manquantes‚Ä¶Pas question d‚Äôune reprise car je ne vais pas perdre mes denr√©es surgel√©es!J‚Äôai rappel√© et je re√ßois un nouveau mail m‚Äôinformant que la reprise de mon cong√©lateur est accept√©e.Hallucinant‚Ä¶.Que faire pour que le service client pourtant tr√®s aimable comprenne ‚Ä¶Ils n‚Äôont qu‚Äô√† m‚Äôen envoyer un 2 eme gratuitement dans ce cas ..",19/05/2024,2,0,,,0.02,0.919,0.062,0.7675
David,"Une bonne quarantaine de commande en un an, jamais un soucis et un service client tres reactik",19/05/2024,5,0,,,0.0,0.86,0.14,0.3818
Marguerite valladon,"Bonjour , j'ai re√ßu un avis que ma commande de rideaux √©tait disponible au point relais auchan la couronne , je ne peux pas retirer parce que je n'ai pas re√ßu de code .Merci a votre disposition.",19/05/2024,2,0,,,0.0,0.938,0.062,0.3612
Nakamura Nagazaki,"J'ai achet√© une machine √† laver sous garantie.Elle a exploser dans mon logement sans raison apparente et sans justificatif.Cdiscount n'a voulu rien savoir.Aucun geste commercial, aucune prise en charge fournisseurs et fabricant.Cdiscount sait vendre mais pour le service client cela ne vaudra pas Darty.",15/05/2024,2,1,15/05/2024,"Bonjour Nakamura Nagazaki,Je suis d√©sol√© si nous vous avons d√©√ßu, mais nous n'avons pas pour habitude de laisser nos clients sans solution en cas de probl√®me avec un produit.Les conditions de prise en charge varient en fonction des garanties et vous avez d√ª recevoir des explications dans votre Espace Client.Je vous envoie dans tous les cas une demande d'informations pour v√©rifier ce qu'il s'est pass√©.Merci de votre retour,Damien",0.036,0.87,0.093,0.4215
bernard mezzanatti,"Il y a quelques mois , je me suis fait avoir avec Cdiscount a volont√© (29 euros) . l√† je commande une chambre √† air qui devait √™tre livr√©e au max le 15/05/2024 et aucune nouvelle , cela n'est pas normal , je pense qu'il ne me reverrons pas , quesque cette bo√Æte ?",18/05/2024,2,0,,,0.021,0.979,0.0,-0.1984
Linda Soda-pop,"Service apr√®s vente infecte, 1mois pour √©changer une machine a lav√© neuve d√©fectueuse.Pr√©l√®vement de l abonnement a volont√© contre mon gr√©, 10jours pour √™tre rembours√©e ! Aucun geste commercial.Un cauchemar",16/05/2024,2,1,16/05/2024,"Bonjour Linda,Je suis d√©sol√© si nous vous avons d√©√ßue √† ce point, alors que des solutions vous ont visiblement √©t√© apport√©es üòûNotre service clients a pourtant pour habitude de faire le n√©cessaire rapidement. Il y a s√ªrement une explication si l'√©change de votre appareil a pris du temps et je vous envoie une demande d'informations pour v√©rifier ce qu'il s'est pass√©.Je pourrai aussi me renseigner concernant votre abonnement : son montant ne peut pas √™tre pr√©lev√© sans votre accord ni sans souscription de votre part.Merci de votre retour et √† bient√¥t,Damien",0.107,0.893,0.0,-0.5411
Alain,"Un achat avec signature √† r√©ception qui semble mal parti: r√©ception sur mon smartphone d'un avis pr√©cisant que ma commande est livr√©e ceci 5 jours avant la date pr√©vue. Surprise: pas vu le facteur, rien dans ma bo√Æte aux lettres. Le bureau de poste m'apprend que le n¬∞ de colissimo que je d√©tiens a bien √©t√© livr√© mais √† une autre personne √† 600 km.Le vendeur, Happy end St, avis√© avec toutes les preuves r√©agit tr√®s vite, surpris lui-m√™me de l'erreur semble-t-il de Laposte et me demande de patienter quelques jours en m'assurant d'un geste commercial pour le d√©sagr√©ment. Mon smartphone S 23 est effectivement livr√© 3 jours plus tard ce qui correspond au cr√©neau de livraison pr√©vu lors de ma commande; il correspond par ailleurs en tous points √† la description commerciale, neuf, 256 go.5 √âtoiles donc pour Happy end St qui est rest√© tr√®s pr√©sent jusqu'√† la livraison de mon S23, 5 √âtoiles pour Cdiscount √©galement pr√©sent.Suivi livraison via Cainiao suivi ; regret cependant que le colis ait √©t√© simplement remis en bo√Æte aux lettres, vu la valeur aurait d√ª √™tre remis en mains propres contre signature.",07/05/2024,5,1,14/05/2024,"Bonjour Alain,Merci d'avoir pris le temps de partager votre exp√©rience !Je suis ravi que tout se soit bien pass√©, avec un vendeur et un service clients √† l'√©coute !C'est important de le dire aussi üòä√Ä tr√®s bient√¥t j'esp√®re,Damien",0.03,0.87,0.1,0.9227
sylvain,"Richesse de l'offre, tarif, et possibilit√© d'avoir une remise Cashback avec notre banque.",17/05/2024,5,0,,,0.0,0.814,0.186,0.4939
Claire Correia,"D√©√ßue par mes derniers contacts (oblig√©e de payer les frais de retour  de 10 euros d'un casque enfant qui √©tait trop grand et que je ne pouvais pas utiliser)en indiquant que c'√©tait une r√©tractation... ce qui n'√©tait pas le cas ! Malgr√© mes r√©clamations, aucun geste commercial :(",07/05/2024,3,1,07/05/2024,"Bonjour Claire,Je suis d√©sol√© si nous vous avons d√©√ßue alors que vous √™tes une cliente fid√®le !Visiblement votre demande de retour √©tait bien une r√©tractation : les frais de retour restent √† votre charge lorsque vous choisissez de renvoyer un produit qui ne vous convient pas ou si vous changez d'avis.Mais je transmets votre avis au service clients pour voir ce que nous pouvons faire üòâ J'esp√®re en tout cas que nous aurons vite l'occasion de nous rattraper !√Ä bient√¥t,Damien",0.137,0.823,0.04,-0.6232
renee dupin,"Je peux prendre le temps de choisir ,ainsi je peux rectifier.Depuis dix ans cliente tr√®s satisfaite des services de c'discount et de leur √©coute lors de conseils .Un grand merci pour les services tel le paiement en 4 fois  .encors un grand Merci.",11/05/2024,5,0,,,0.039,0.806,0.155,0.7089
Christiane Perin,"article facile a trouver, comparatif int√©ressant et choix tr√®s large dans la gamme 12/avis tr√®s utiles",12/05/2024,5,1,14/05/2024,"Bonjour Christiane,Merci d'avoir pris le temps de partager votre exp√©rience ! ‚òÄÔ∏èNous sommes ravis que vous ayez trouv√© votre bonheur sur le site.√Ä tr√®s bient√¥t,Damien",0.0,0.625,0.375,0.7778
Nathalie Ouilani,13 ann√©es de fid√©lit√© et jamais d√©√ßue... Produits toujours conformes aux descriptifs et Cdiscount √† volont√© c'est le TOP !,10/05/2024,5,1,14/05/2024,"Bonjour Nathalie,Un grand merci pour ce message et pour votre fid√©lit√© ‚òÄÔ∏èComptez sur nous pour continuer comme √ßa !√Ä tr√®s bient√¥t,Damien",0.0,0.702,0.298,0.804
REMI FISCHER,"plantages du site, impossible de payer par Paypal ni par American express... j'√©tais habitu√© √† mieux avec Cdiscount.",18/05/2024,2,0,,,0.067,0.813,0.12,0.2755
Olivier,Bon site. Manque parfois de choix mais les prix peuvent √™tre meilleur qu'amazon ! Il faut comparer mais int√©ressant et avec cashback !,10/05/2024,5,0,,,0.039,0.564,0.397,0.9199
Cyril CLAVERIE,Livraison beaucoup plus rapide qu'autrefois. Prix tr√®s concurrentiel.,20/05/2024,5,0,,,0.0,0.708,0.292,0.5106
Stefany Yael,"Je voulais remercier le livreur, de memoire Marouane qui nous a livr√© en temps et en heure, il a assur√© surtout qu il etait seul pour livrer mon frigo merci Marouane pour votre professionnalisme üëçüëçüëç",08/05/2024,5,1,14/05/2024,"Bonjour Stefany,Merci d'avoir pris le temps de laisser cet avis et merci pour le livreur üòä√Ä tr√®s bient√¥t sur le site !Damien",0.034,0.813,0.153,0.6486
Dj Li,"Nous n'avons pas doit d'exprimer si on est pas tr√®s satisfait? je laisse un avis avec 2 photos apr√®s avoir re√ßu la commande "" un peu l√©ger, emballage trop fragile,  2 dalles re√ßu cass√©es"" , puis r√©pondu par mail de Cdiscount ""Conform√©ment √† notre politique de traitement des avis clients accessible ici, il ne pourra √™tre publi√©"" c'est √ßa, votre strat√©gie ?L'emballage ne concerne pas le produit ? Ce n'est pas la responsabilit√© de livraison, faut avoir l'emballage correct.Si vous insistez, ok, y'aura toujours des produits cass√©s pour vos futurs clients.",13/05/2024,2,1,13/05/2024,"Bonjour  Dj Li,je comprends votre d√©ception concernant votre commande. Et votre avis nous int√©resse grandement ! Mais nous avons quelques r√®gles concernant sa publication. Je vous mets le lien ici ‚§µhttps://www.cdiscount.com/avis-cgv.html  A priori, il me semble que votre avis ne concerne pas vraiment le produit mais plus la livraison et c'est pour cette raison qu'il n'a pas pu √™tre publi√© üôÅ√Ä bient√¥t,Damien",0.018,0.95,0.033,0.3677
jean bockstal,nan,19/05/2024,5,0,,,0.0,1.0,0.0,0.0
Bertrand,"Facile, rapide et un excellent choix. J'esp√®re que Cdiscount continuera malgr√© les probl√®mes du groupe",08/05/2024,5,0,,,0.07,0.526,0.404,0.8225
MICHEL CASTERAN,"Du choix, des prix tr√®s bien plac√©s et le s√©rieux de cette enseigne...",20/05/2024,5,0,,,0.096,0.602,0.301,0.5272
nicole pawlak,nan,20/05/2024,5,0,,,0.0,1.0,0.0,0.0
Olivier Madou,fiable rapide et permet un payement sans stresse,20/05/2024,5,0,,,0.0,0.61,0.39,0.4284
frederic,"choix clairs rapides paiement facile , choix de livraison varie√© avec cdiscount a volont√© ""abonnement annuel""",11/05/2024,5,0,,,0.0,0.838,0.162,0.4404
Fran√ßois BONNIORD,"dans une r√©gion o√π il faut faire des kilom√®tres, cdiscount est la solutuin",11/05/2024,5,1,14/05/2024,"Bonjour Fran√ßois,Merci d'avoir partag√© votre avis ‚òÄÔ∏èNous sommes ravis de vous permettre de vous faire plaisir sans bouger de chez vous !√Ä tr√®s bient√¥t sur le site,Damien",0.0,1.0,0.0,0.0
MOT,Site fiable. Livraison plus rapide avec Cdiscount √† volont√©,13/05/2024,5,1,15/05/2024,"Bonjour MOT,Merci d'avoir pris le temps de partager votre avis ! ‚òÄÔ∏èC'est vrai qu'il est tr√®s avantageux cet abonnement üòâ J'esp√®re que vous profitez aussi de la cagnotte !√Ä tr√®s vite,Damien",0.0,0.816,0.184,0.2023
Bruno BORDIN,"vaste choix, prix comp√©titifs, livraison rapide",20/05/2024,5,0,,,0.0,0.602,0.398,0.5106
maryse cauchard,BON PRODUIT QUALITE PRIX PAIEMENT RAPIDE SECURISE ET BON SERVICE APRES VENTE,07/05/2024,5,0,,,0.0,0.423,0.577,0.9074
NOWAZYK,nan,20/05/2024,5,0,,,0.0,1.0,0.0,0.0
NEMOZ-GAILLARD PAUL-ROGER,J'ai compar√© et trouv√© le produit:rapidement et au bon prix.,09/05/2024,5,0,,,0.0,0.604,0.396,0.7096
JOCELYN GOTORBE,"depuis longtemps avec Cdiscount, performante et toujours √† l'√©coute.",11/05/2024,5,0,,,0.0,1.0,0.0,0.0
Christian FROUIN,Toujours Bien dirig√© dans nos recherche de produit,11/05/2024,5,0,,,0.0,0.854,0.146,0.0516
St√©phane,"Les recherches sont compliqu√©es et quand on cherche un mod√®le pr√©cis, vous nous arrosez de tout ce que nous ne voulons pas. C'est p√©nible.",09/05/2024,3,1,13/05/2024,"Bonjour St√©phane,je vous remercie d'avoir pris le temps de partager votre impression concernant notre site. Cela nous permet de nous am√©liorer üòâ√Ä bient√¥t,Damien",0.061,0.878,0.061,-0.0021
Marie-Pierre RICCI-SOUBRAT,"Site clair et facile. Nombreux choix d'articles, prix int√©ressant, livraison rapide.",06/05/2024,5,1,07/05/2024,"Bonjour Marie-Pierre,Merci d'avoir pris le temps de partager votre avis !Nous sommes ravis de vous proposer tous ces avantages toute l'ann√©e ‚òÄÔ∏è√Ä tr√®s vite,Damien",0.0,0.41,0.59,0.8885
Dechambre Franck,"site facile √† utiliser, des r√©ductions propos√©s, facilit√© de paiementsite s√©rieux et fiable",07/05/2024,5,1,14/05/2024,"Bonjour Franck,Merci d'avoir pris le temps de partager votre exp√©rience !C'est un plaisir pour nous de vous permettre de faire vos achats en toute simplicit√©, et √† petits prix ‚òÄÔ∏è√Ä bient√¥t !Damien",0.089,0.503,0.408,0.6908
Albert HELLUIN,nan,20/05/2024,5,0,,,0.0,1.0,0.0,0.0
romain,bon tarif et service tr√®s performant lors des probl√®mes rencontr√©s,06/05/2024,5,1,07/05/2024,"Bonjour Romain,Merci pour cet avis et pour les 5‚≠ê !C'est important de le dire aussi quand tout va bien, m√™me en cas de probl√®me üòâ√Ä tr√®s bient√¥t,Damien",0.131,0.656,0.213,0.25
Fr√©d√©ric Alliaume,Le s√©rieux et l'anciennet√© de l'entreprise,18/05/2024,5,0,,,0.186,0.814,0.0,-0.1531
omar bensalah,nan,15/05/2024,5,1,16/05/2024,"Bonjour Omar,Merci √† vous üòä Ce sont nos clients qui sont au top !Je vous dis √† tr√®s bient√¥t,Damien",0.0,1.0,0.0,0.0
ERIC HERMANS,nan,16/05/2024,4,1,16/05/2024,"Bonjour Eric,Merci d'avoir pris le temps de partager votre avis ! Que pourrions-nous am√©liorer d'apr√®s vous pour m√©riter une ‚≠ê de plus ?Je vous dis √† bient√¥t üòäDamien",0.0,1.0,0.0,0.0
julia Bertaud,"Dvd acheter recemment, ,plut√¥t satsfaite!",19/05/2024,4,0,,,0.0,1.0,0.0,-0.0377
ISABELLE DESMARES,R√©ponse claire et prise en compte pour la difficult√© de la livraison,07/05/2024,5,0,,,0.138,0.517,0.345,0.5574
Brigitte Levet,facilit√© de commande et de paiement,16/05/2024,5,0,,,0.0,0.658,0.342,0.3818
Antonio Barba,Toujours des prix attractifs et un service rapide et de qualit√©,06/05/2024,5,1,07/05/2024,"Bonjour Antonio,Merci d'avoir pris le temps de partager votre avis ‚òÄÔ∏è et comptez sur nous pour continuer √† vous proposer des bons plans toute l'ann√©e !√Ä tr√®s bient√¥t,Damien",0.0,0.752,0.248,0.5106
alain escot,a voir par apport les envoie rapide Cdiscount a volont√©,05/05/2024,5,1,06/05/2024,"Bonjour Alain,Merci pour cet avis et merci de votre confiance !Vous allez voir, l'abonnement est tr√®s avantageux pour les livraisons mais pas seulement üòâhttps://www.cdiscount.com/cdav√Ä bient√¥t sur le site !Damien",0.0,1.0,0.0,0.0
client(e),nan,13/05/2024,5,0,,,0.0,1.0,0.0,0.0
Rose Rose,"Et cela continue: suite √† mon m√©contentement""ARNAQUE CARTE DISCOUNT/FLOA BANQUE 100"" soit disant CDISCOUNT m'a envoy√© un message priv√©: Je vous envoie aussi une demande d'informations pour v√©rifier ce qu'il s'est pass√© et transmettre votre avis au service clients.Merci de votre retour,DamienRESULTAT/ JE N'AI RIEN RECU: on se moque vraiment des gens!",20/05/2024,1,0,,,0.093,0.878,0.029,-0.747
Dominique Monteignies,"J'ai achet√© cette montre le 12/04/2024, et elle ne fonctionne d√©j√† plus. Je v√©rifie si c'est la pile, car on m'a mis une pile de remplacement qui n'est m√™me pas le m√™me mod√®le de pile √† l'int√©rieur de la montre. Je suis vraiment d√©√ßu car je suis un bon client chez vous. Vendu par Awin. je ne recommande pas ce produit.",13/05/2024,2,1,14/05/2024,"Bonjour Dominique,Je suis d√©sol√© si ce produit vous a d√©√ßu üòï mais il y a s√ªrement une solution.N'h√©sitez pas √† contacter le vendeur pour lui faire part de la situation : il est responsable de votre commande et pourra vous aider.Vous pouvez faire cette d√©marche tr√®s simplement en vous connectant √† votre Espace Client ‚û°Ô∏è https://clients.cdiscount.com/Account/Login.htmlLe service clients reste aussi votre √©coute si besoin, toujours via votre Espace Client.J'esp√®re √† bient√¥t avec de meilleures nouvelles,Damien",0.025,0.912,0.064,0.4574
delphine illide,cool on verra la livraison,13/05/2024,5,1,15/05/2024,"Bonjour Delphine,Merci pour cet avis et pour votre confiance ‚òÄÔ∏è N'h√©sitez pas √† nous tenir inform√©s une fois votre commande re√ßue !√Ä tr√®s bient√¥t,Damien",0.0,0.714,0.286,0.1531
bruno cochard,que le livreur signale de son passage par telephone !!!!,11/05/2024,3,1,13/05/2024,"Bonjour Bruno,vous avez raison ! Il est pr√©f√©rable que le livreur signaler son arriv√©e par t√©l√©phone. Je ne sais pas de quel √©tait le service de livraison mais n'h√©sitez pas √† le signaler √† votre exp√©rience üòâ√Ä bient√¥t,Damien",0.0,1.0,0.0,-0.1491
mallet,produits de qualit√© parfaitement adapt√©s √† la demande.programme de fid√©lit√© optimis√©,17/05/2024,5,0,,,0.0,0.513,0.487,0.765
Amandine,tres bon site je suis tr√©s conte de cdiscount.,19/05/2024,5,0,,,0.0,0.755,0.245,0.3818
Mr Alain MONGIN,D'une fa√ßon g√©n√©rale tr√®s satisfait de CDISCOUNT.,11/05/2024,5,0,,,0.0,0.77,0.23,0.3367
DIDIER VINGADASSALON,Tout s'est bien d√©roul√© lors de la commande...,14/05/2024,5,1,15/05/2024,"Bonjour Didier,C'est parfait alors ‚òÄÔ∏è et merci d'avoir pris le temps de le dire ! C'est important pour nous de le savoir quand tout va bien.√Ä bient√¥t !Damien",0.0,0.686,0.314,0.2982
Philippe,Parfait merci encore,19/05/2024,5,0,,,0.0,0.2,0.8,0.4588
V√©ronique CONSTANT,Parfait et rapide,16/05/2024,5,0,,,0.0,0.571,0.429,0.128
Cantin Sylvie,bien expliquer,20/05/2024,5,0,,,0.0,0.455,0.545,0.0516
SEBASTIEN HAPPILLON,tr√©s bien satisfait.,15/05/2024,5,0,,,0.0,0.25,0.75,0.25
JEAN PAUL TRANCHANT,nan,20/05/2024,5,0,,,0.0,1.0,0.0,0.0
B.Harron,Cdiscount ne prend pas en consid√©ration les avis clients ! 2 commandes et 2 probl√®mes..r√©ponse laconique quand il y a une r√©ponse du vendeur ....Bref pour moi c'est fini !,08/05/2024,2,1,13/05/2024,"Bonjour B.Harron,je comprends votre d√©ception concernant ces commandes mais je peux vous assurer que les avis des clients sont vraiment importants pour nous ! Cela nous permet d'am√©liorer nos services comme nos produits.Je vous propose de r√©pondre √† ma demande d'informations pour que je puisse transmettre votre message √† notre service clients. Nous ne pouvons pas vous laisser sur cette mauvaise impression !√Ä tout de suite,Damien",0.0,1.0,0.0,-0.1808
patrice magnier,merci tr√®s rapide et surtout peut cher,14/05/2024,5,1,15/05/2024,"Bonjour Patrice,Merci pour votre avis et votre confiance üòäComptez sur nous pour continuer √† vous proposer des bonnes affaires toute l'ann√©e !√Ä bient√¥t sur le site,Damien",0.0,0.495,0.505,0.6249
VINCENT GARAIX,"tr√®s bon prix, pour des articles de marque",19/05/2024,5,0,,,0.0,0.481,0.519,0.7559
Juliand,"Dommage qu'on ne puisse pas mettre 0, renouvellement abusifs de Cdiscount a volont√© , alors que ma carte n'√©tait pas enregistr√© sur le site justement pour √©viter √ßa .... , pour pr√©venir du renouvellement ? Un mail spams re√ßu un jour a 1h du matin avec un titre ""L'√©quipe Cdiscount"" , j'ai contacter Cdiscount pour annuler et demander un remboursement , ils ne peuvent rien faire !!! Mon ≈ìil , c'est le pire chez la concurrence quand on enregistre pas sa CB il n'y pas de renouvellement prenez exemple !! Et chez la concurrence si probl√®me il y arrangement , Prenez exemple",18/05/2024,1,0,,,0.133,0.867,0.0,-0.9149
plaudin laurent,service client toujours pr√™ts a r√©soudre les probl√®mes,05/05/2024,5,1,06/05/2024,"Bonjour Laurent,Merci de souligner l'efficacit√© de mes coll√®gues du service clients üòä C'est vrai qu'ils sont toujours l√† pour vous aider !√Ä tr√®s bient√¥t,Damien",0.154,0.481,0.365,0.296
NATHALIE BOUCHER,tr√®s bon site je commande r√©guli√®rement,10/05/2024,5,1,14/05/2024,"Bonjour Nathalie,Merci de votre confiance et de votre fid√©lit√© ‚òÄÔ∏è√Ä tr√®s vite,Damien",0.0,0.633,0.367,0.4391
delphine,"rapide, beaucoup de choix, facile de commander",06/05/2024,5,0,,,0.0,0.655,0.345,0.4877
Jean-Marie Collet,nan,09/05/2024,5,0,,,0.0,1.0,0.0,0.0
Mickael,Nombreux choix avec divers tarifs et visuels,05/05/2024,5,0,,,0.0,1.0,0.0,0.0
patricia lavarde,10 ans d'achat a c√©discount jamais d√©√ßue,08/05/2024,5,0,,,0.0,0.822,0.178,0.2047
roger estienne,je suis satisfait,15/05/2024,4,1,15/05/2024,"Bonjour Roger,Merci d'avoir partag√© votre avis et merci de votre confiance üòâQue pourrions-nous faire de plus pour m√©riter les 5‚≠ê ?Nous restons √† votre √©coute !√Ä bient√¥t,Damien",0.0,0.526,0.474,0.2023
jacques lafon,",En f√©vrier 2024, J‚Äôai acquis une motobineuse  ( BCIE sarl) qui ,au bout de moins de deux heures d‚Äôusage ,s‚Äôest r√©v√©l√©e tr√®s dangereuse (erreurs de montage).J‚Äôen ai n‚Äôai jamais demand√© le retour de la machine ou la moindre indemnisation, juste des conseils‚Ä¶‚Ä¶Un monsieur Alex m‚Äôa enfum√© pendant 3 semaines‚Äô soutenu par Cdiscount.Apr√®s des recherches sur le web, j‚Äôai appris queBCIE sarl raison sociale de bc electronics vendeur de la machine EST FERM√âE depuis le 30/06/2021                   Mis √† jour le 20/05/2024Alors, qui m‚Äôa vendu la machine? Qui est monsieur Alex?",20/05/2024,1,0,,,0.05,0.905,0.045,-0.6238
Evelyne Doitrand,Site a fuirOblig√© de mettre une √©toile pour pouvoir √©crire ce message mais ne le merite pas. Une enseigne √† supprimer totalement. Un portable achet√© en d√©cembre 2023.Renvoye debut f√©vrier 2024 car ecran noir. Depuis des messages et des appels sans vraiment de r√©ponse en essayant de nous dire que le portable avait √©t√© ouvert. D√©but mai annonce du remboursement et depuis rien malgr√© de nouveax appels. Site √† fuir,20/05/2024,1,0,,,0.032,0.905,0.062,0.3595
Arnau,"Bonjour, je devais recevoir mon colis sur Narbonne et le sms d'aujourd'hui m'indique qu'il est √† retirer sur Montredon des Corbi√®res. Je ne peux pas aller le chercher et je n'ai personne pour y aller √† ma place. √âtant donn√© qu'il sera renvoy√© √† l'exp√©diteur, combien de temps pour √™tre rembours√© ?? J'ai d√©j√† eu quelques soucis avec Cdiscount, je suis vraiment d√©√ßu encore une fois.",17/05/2024,1,1,17/05/2024,"Bonjour Arnau,Je comprends tout √† fait votre d√©ception et il y a certainement une explication si le colis n'a pas √©t√© livr√© au point pr√©vu ! Je vous encourage √† contacter le service clients, pour qu'ils puissent v√©rifier ce qu'il s'est pass√©.‚û°Ô∏è https://clients.cdiscount.com/contact-service-client.htmlS'il ne vous est pas possible de r√©cup√©rer votre commande, elle sera automatiquement renvoy√©e chez Cdiscount et rembours√©e d√®s r√©ception.J'esp√®re que nous aurons une occasion de rattraper cette d√©ception !A bient√¥t,Damien",0.053,0.911,0.036,-0.3094
Maximilien DERIVE,"Nous avons command√© un s√®che-linge en novembre 2023 et en avons profit√© pour souscrire √† la carte cdiscount. Nous devions obtenir une offre de bienvenue de 100‚Ç¨, mais nous ne l‚Äôavons jamais eue. Nous avons pourtant contact√© le service client √† 4 reprises, nous indiquant chaque fois un retour de la part de cdiscount dans les 48 heures. Dans les faits, nous n‚Äôavons jamais √©t√© recontact√©s. C‚Äôest juste inadmissible !!",20/05/2024,1,0,,,0.093,0.786,0.12,0.6199
St√©phane,Tr√®s bonne plateforme d'achat en ligne.,09/05/2024,5,0,,,0.0,0.675,0.325,0.4391
Emma,"Tr√®s bon site, on trouve de tout √† prix attractif.",15/05/2024,4,1,16/05/2024,"Bonjour Emma,Merci d'avoir pris le temps de partager votre avis ‚òÄÔ∏è Et n'h√©sitez pas √† nous dire ce que nous pourrions am√©liorer pour m√©riter les 5‚≠ê !Je vous dis √† bient√¥t sur le site,Damien",0.0,0.47,0.53,0.7841
jean louis Royer,comme d habitude parfait,09/05/2024,5,0,,,0.0,0.667,0.333,0.128
Marc C,nan,05/05/2024,5,0,,,0.0,1.0,0.0,0.0
parthenay,nan,20/05/2024,5,0,,,0.0,1.0,0.0,0.0
MIchel,nan,16/05/2024,5,0,,,0.0,1.0,0.0,0.0
serge rastouil,nan,07/05/2024,5,0,,,0.0,1.0,0.0,0.0
johnny,"Attention chers client(e)s.Les avis post√©s sur le site cdiscount sont bidons.Si votre avis est positif au produit, il sera post√© sinon l'avis n√©gatif n'est pas publier.Donc ARNAQUE",19/05/2024,1,0,,,0.049,0.621,0.33,0.8668
Jacques LE BLOND,"Le site m'a demand√© un avis sur un article. Je r√©ponds sinc√®rement et sans injure pour signaler que l'article que j'avais re√ßu m'√©tait parvenu dans un emballage dix fois trop grand. Mon avis n'a pas √©t√© publi√© ce qui ne m'a pas √©tonn√© car lors d'un pr√©c√©dent avis, √©galement refus√©, je faisais aussi mention que les emballages √©tait d√©mesur√© par rapport au contenu que se soit ceux envoy√©s par Cdiscount ou par certains sites marchands affili√©s. Les photos transmises √† la plateforme en attestent",15/05/2024,1,1,16/05/2024,"Bonjour Jacques,Vous avez visiblement eu une mauvaise exp√©rience et j'en suis d√©sol√© üòïVotre avis est tr√®s important pour nous, et nous publions tous les messages de nos clients d√®s lors qu'ils respectent nos conditions d'utilisation.Je vous invite √† les consulter ici ‚û°Ô∏è https://www.cdiscount.com/avis-cgv.htmlLes avis portent sur les produits en eux-m√™mes et leur utilisation, et les messages qui √©voquent la livraison peuvent en effet √™tre refus√©s.Nous sommes aussi tr√®s attentifs aux emballages et nous voulons √©viter au maximum d'en utiliser trop.Je fais passer le mot, mais n'h√©sitez pas √† contacter le service clients pour toute question ou remarque sur une commande : il y aura toujours quelqu'un pour vous renseigner.√Ä bient√¥t j'esp√®re,Pierre",0.043,0.878,0.078,0.3335
Elise Jeannot,"J'aurais voulu mettre z√©ro √©toile, mais cela n'est pas possible. Commande le 21 avril pour une livraison annonc√©e au plus tard le 6 mai. Livraison repouss√©e au 16 mai. Appel service client, r√©ponse pas de souci vous allez recevoir la commande. Appel le 16 mai commande toujours pas exp√©di√©e. Dans l'intervalle le produit est maintenant indisponible. Je n'ai pas vu la demande de contact de Damien de Cdiscount. J'ai recontact√© le service client, aucune information, aucun d√©lai √† me transmettre.",18/05/2024,1,1,16/05/2024,"Bonjour Elise,Je suis d√©sol√© de ce d√©lai et de cette exp√©rience d√©sagr√©able üòï Nous aussi, nous pr√©f√©rons lorsque vos commandes sont bien livr√©es dans les temps !N'h√©sitez pas √† rester en contact avec mes coll√®gues du service clients (ou le vendeur marketplace) dans votre Espace Client ‚û°Ô∏è https://clients.cdiscount.com/Account/Login.html Vous pourrez y suivre l'√©volution de votre commande.Je vous envoie aussi une demande d'informations pour me renseigner.Merci de votre retour et √† bient√¥t,Damien",0.0,0.981,0.019,0.3699
Val√©rie SCHMITT,"Une entreprise g√©niale, tr√®s s√©rieuse et professionnelle.",08/05/2024,5,0,,,0.152,0.544,0.305,0.3415
michel puigserver,nan,12/05/2024,5,0,,,0.0,1.0,0.0,0.0
LIO,"Mis √† part les tarifs incoh√©rents, la nouvelle politique de protection des vendeurs me fait passer chez Amazon. Tout a chang√© et cdiscount n'est plus un site valable. Ils vendent des contrefa√ßons.",17/05/2024,1,1,17/05/2024,"Bonjour Lio,Nous sommes particuli√®rement attentifs √† la qualit√© des produits vendus sur notre site et si vous avez le moindre doute, il ne faut pas h√©siter √† le signaler aupr√®s de notre service clients. Je vous invite d'ailleurs √† r√©pondre √† la demande d'informations que je vais envoyer depuis Trustpilot. Cela me permettra de transmettre votre message et ne pas vous laisser sur cette mauvaise impression üòâ.√Ä bient√¥t,Damien",0.034,0.886,0.08,0.3818
Yvez Dubois,"J'ai command√© plusieurs articles. Certains ont √©t√© livr√©s d'autres en attente puis report de livraison. Ce report a fini par un refus de paiement avec le mail disant que je peux finaliser ma commander mais sans en avoir la possibilit√© si ce n'est d'annuler. J'ai donc annul√©, refait la commande mais avec une augmentation de prix. Annoncer un tarif et le changer en cours de commande, est-ce bien honn√™te ?",15/05/2024,1,1,15/05/2024,"Bonjour Yvez,Cette situation est √©tonnante en effet, et je suis d√©sol√© si nous vous avons d√©√ßu. üòïLe produit que vous souhaitiez commander a pu √™tre en rupture de stock puis propos√© √† un prix diff√©rent. Les prix varient toute l'ann√©e sur le site en fonction des offres en cours mais aussi des vendeurs marketplace.Il y a donc s√ªrement une explication, et je vous encourage √† contacter mes coll√®gues du service clients (ou le vendeur) pour en savoir plus. Il y aura toujours quelqu'un pour vous renseigner.√Ä bient√¥t j'esp√®re,Damien",0.048,0.814,0.138,0.7579
dany,RAPIDE ET EFFICACE,14/05/2024,5,0,,,0.0,0.392,0.608,0.6093
FAURE,"Bonjour , je lie sur une r√©ponse de Cdiscount..""Nous n'avons pas l'habitude de laisser les clients sans solution..""  FAUX apr√®s avoir re√ßu une pi√®ce d√©fectueuse (d'un fournisseur place de march√©)et l'avoir renvoyer. Cdiscount se rfugie derri√®re ce fournisseur qui continue de dire ""on vous rembourse 70% et vous garder la pi√®ce !!! Je demande le remboursement mais viviblement Cdiscount ne sait pas faire !",15/05/2024,1,1,16/05/2024,"Bonjour FAURE,[Mise √† jour : votre r√©clamation est entre les mains du service clients qui a donn√© un d√©lai au vendeur pour vous apporter une solution. Comme je vous le disais, tout est indiqu√© dans votre Espace Client.Merci de votre patience et de votre compr√©hension.]--Vous avez visiblement eu une mauvaise exp√©rience et j'en suis d√©sol√©.Je confirme ce que j'ai d√©j√† r√©pondu : nous ne laissons pas nos clients sans solution, ni sans explication.Si les √©changes avec le vendeur ne vous donnent pas satisfaction, mes coll√®gues du service clients peuvent prendre le relais pour s'assurer que le vendeur vous propose une solution conforme. Il dispose d'un certain d√©lai pour le faire, et tout est d√©taill√© dans votre Espace Client.Visiblement votre dossier est d√©j√† suivi par le service clients mais je vous envoie une demande d'informations pour v√©rifier.Merci de votre retour,Damien",0.023,0.909,0.067,0.5837
Maryline  Yanan,"J‚Äôai acheter un r√©frig√©rateur 600‚Ç¨ inclus panne etc. J‚Äôappelle car mon frigo cong√®le mes aliments, on m‚Äôas dit d‚Äô√©teindre mon frigo 48 √† 72h ce que j‚Äôai fait, le probl√®me persistant je rappel on me dis qu‚Äôon peut rien faire pour moi car j‚Äôavais le droit √† une panne ( tr√®s bizarre mais ok) mais je rappel pour le m√™me probl√®me on me dis non c‚Äôest pas possible donc personne s‚Äôest d√©placer et mon frigo a toujours le m√™me probl√®me. PLUS JAMAIS C DISCOUNT",15/05/2024,1,1,15/05/2024,"Bonjour Maryline,Je suis d√©sol√© si nous vous avons d√©√ßue üòï mais il y a certainement une explication. Il n'est pas dans nos habitudes de laisser nos clients sans solution !Les conditions de prise en charge varient selon les garanties : garantie constructeur ou extension de garantie par exemple.Mes coll√®gues du service clients vous ont s√ªrement apport√© des pr√©cisions √† ce sujet mais je vais v√©rifier avec eux : je vous envoie une demande d'informations pour cela.Merci de votre retour,Damien",0.093,0.907,0.0,-0.7617
