Author,Content,Date,Note,RÃ©ponse,Date RÃ©ponse,Contenu de la rÃ©ponse
richard,"Bonjour, Ã§a fait maintenant pas mal d'annÃ©es que j'achÃ¨te chez Cdiscount et jusqu'a prÃ©sent j'ai toujours Ã©tÃ© satisfait . Mes colis arrivent dans les temps  meme en pÃ©riode de fetes . De plus le choix du catalogue est tellement grand que je trouve exactement les articles dans tout les domaines a un prix raisonnable . Continuez ! . Cordialement . Richard .",19/12/2023,5,,,
Jacky Gerault,j'ai Ã©tÃ© trÃ¨s bien suivi pour mon problÃ¨me d'aspirateur qui est tombÃ© en panne au bout de 3 semaines.aprÃ¨s quelques Ã©changes de courriers j'ai reÃ§u la piÃ¨ce qui Ã©tait dÃ©fectueuse toute est rentrÃ© dans l'ordre je vous remercie pour votre efficacitÃ©,17/12/2023,5,RÃ©ponse : Cdiscount,18/12/2023,"Bonjour Jacky,Merci d'avoir pris le temps de partager cette expÃ©rience, et j'espÃ¨re surtout que nous ferons un sans faute une prochaine fois ! ğŸ˜‰Je vous souhaite de belles fÃªtes et merci de votre fidÃ©litÃ© et de votre confiance ğŸ„ğŸŒŸDamien"
DorothÃ©e Saillard,"En gÃ©nÃ©rale je suis ravie des produits ainsi que des livraison sauf la semaine passÃ©e , le livreur dit qu'il est passÃ© alors que je suis restÃ©e chez moi et n'ai u personne Ã  sonner",18/12/2023,5,,,
Flavien Merlet,"PremiÃ¨re commande chez Cdiscount Ã  l'occasion du black Friday et excellente expÃ©rience ! Achat d'une PS5 Ã  un prix dÃ©fiant toute concurrence ! Commande passÃ©e le jeudi, livraison annoncÃ©e la semaine suivante mais finalement effectuÃ©e dÃ¨s le samedi! Informations, suivi, envoi, vous avez Ã©tÃ© au top ! Merci pour ce cadeau de NoÃ«l en avance ! Bonne fÃªtes de fin d'annÃ©e Ã  toutes vos Ã©quipes!",13/12/2023,5,RÃ©ponse : Cdiscount,14/12/2023,"Bonjour Flavien,Excellent choix et je suis sÃ»r que cela va Ãªtre un cadeau au top ! ğŸ„Merci de votre confiance, et Ã  trÃ¨s bientÃ´t sur Cdiscount.com Damien"
a s d r,"je commande sur Cdiscount depuis quelques annÃ©es et jamais dÃ©Ã§u, la derniÃ¨re en date le 10/12/2023 reÃ§ue le18/12/2023 et comme d habitude trÃ¨s satisfait, livraison rapide, produit bien emballÃ©. ne changer rien et bravo pour votre professionnalisme!!",15/12/2023,5,,,
FR,Excellent Cdiscount choix des articles choix du paiement interface trÃ¨s intuitive service client rapide et clair envoi rapide colis trÃ¨s bien merci CdiscountğŸ‘ğŸ‘ğŸ‘ğŸ‘,18/12/2023,5,,,
e.chevins,"Cdiscount n'estpas le principal mis en cause mais la sÃ©lection des entreprises du Market place est "" douteuse ""  TRES GROSSES DIFFICULTES DE COMMUNICATION AVEC WEKON ONLINE NEW.3 semaines d'Ã©changes sans rÃ©ponse ou langue de bois. J'ai finalement reÃ§u ma commande avec retard, inquiÃ©tude et stress. Mais je l'ai reÃ§ue. Cdiscount, bien que contactÃ© ne m'aura Ã©tÃ© d'aucune aide. dommage",16/12/2023,2,RÃ©ponse : Cdiscount,18/12/2023,"Bonjour e.chevins,je vous remercie de nous faire  part de vos difficultÃ©s concernant l'achat auprÃ¨s de cette entreprise.Nous sommes particuliÃ¨rement attentifs Ã  ce que les vendeurs rÃ©pondent Ã  vos attentes mais aussi Ã  vos messages. Et nous intervenons dÃ¨s que nous voyons que vous avez des difficultÃ©s de communication.Nous sommes ravis que cette commande ait pu aboutir et vous souhaitons de bonnes fÃªtes ğŸ„Damien"
Dow,"Commande passÃ©e plus d'un mois avant NoÃ«l. J'ai commandÃ© trois casseroles, j'ai Ã©tÃ© livrÃ©e d'une bouteille isotherme. Les frais de retour pour une erreur de leur part son a votre charge ! Mais ils annoncent les rembourser. Plus de quinze jour d'attente pour un remboursement erronÃ©. Ils rembourse 2,99â‚¬ de frais de port et non la totalitÃ© des frais de retour.NotÃ© modifier ce jour car visiblement, les frais de port seront remboursÃ©s. J'attends de voir avant de modifier a nouveau. Dommage tout de mÃªme de devoir en passer par un avis nÃ©gatif pour enfin se faire entendre.",18/12/2023,2,RÃ©ponse : Cdiscount,18/12/2023,"Bonjour,[Mise Ã  jour : d'aprÃ¨s ce que je vois, mon collÃ¨gue a fait le nÃ©cessaire pour ce remboursement, mais n'hÃ©sitez pas Ã  lui faire savoir si ce n'est pas le cas !]Je suis tout Ã  fait dÃ©solÃ© de cette erreur, d'autant plus que tout est fait pour que cela ne se produise pas ! â˜¹ï¸ Les frais de retour sont bien sÃ»r remboursÃ©s en cas de retour, et je vais demander au service clients de faire le point sur votre commande. Je vous envoie un message via Trustpilot pour avoir des prÃ©cisions : merci de bien indiquer la rÃ©fÃ©rence de la commande en privÃ©. A bientÃ´t,Damien"
FranÃ§ois DEQUEN,Le lave-vaisselle est conforme Ã  la commande. 1ere livraison prÃ©vue un mardi matin reportÃ©e de 48h par le livreur au jeudi suivante la veille au soir. 1 journÃ©e de congÃ©s perdue. Le jeudi le livreur nâ€™est pas venu sans avertissement. 2Ã¨me journÃ©e de congÃ©s perdue. AprÃ¨s appel au SAV livraison prÃ©vue le mardi de la semaine suivante. Enfin le livreur arrive avec le lave-vaisselle. Il le dÃ©charge Ã  cÃ´tÃ© de lâ€™ancien et il me dit quâ€™il ne veut pas reprendre lâ€™ancien car Ã§a va lâ€™embarrasser dans son camion. Les engagements de Cdiscount ne sont pas respectÃ©s. Appel au SAV. Ils vont reprogrammer un passage pour lâ€™enlÃ¨vement. Quand ? On ne sait pas. 3Ã¨me journÃ©e de congÃ©s perdue. Commandez chez Cdiscount si vous avez des jours Ã  perdre ou si vous Ãªtes Ã  la retraite.,19/12/2023,2,,,
Simard Simard,Aucun lien ne fonctionne sur la page de contact proposÃ© par CDiscounton ne peut pas envoyÃ© de mail ou si le lien existe il doit etre bien planquÃ©...je suis en attente de remboursement qui devait apparaitre sur mon espace client mais rien de visible sur mon espace quand on clique dessus...,14/12/2023,3,RÃ©ponse : Cdiscount,14/12/2023,"Bonjour,Avez-vous vÃ©rifiÃ© dans la rubrique ""mes bons d'achat et remboursements"" ? Sinon, vous pouvez contacter le service clients directement depuis votre espace client en ligne, par tÃ©lÃ©phone ou encore en nous envoyant un message privÃ© sur nos rÃ©seaux sociaux (Facebook et Twitter) ğŸ˜‰A bientÃ´t et bonne journÃ©e,Damien"
CHALENDAR Robert,J'ai trouvÃ© ce que je cherchais facilement et les prix bas sont au rendez vous comme toujours,18/12/2023,4,,,
Maxou Max,Les livraisons sont trÃ¨s rapides et il y a souvent des tarifs interessants,18/12/2023,5,,,
DANIELLE DESCAMPS,Merci cdiscount ! Commande facile et Ã  des tarifs raisonnable avec un dÃ©lai de livraisons correct avec en plus le paiement en 4 fois !Que demander de plus !,14/12/2023,5,RÃ©ponse : Cdiscount,14/12/2023,"Merci Danielle, vous avez tout dit ! ğŸ˜A trÃ¨s bientÃ´t pour la rÃ©ception de votre commande, et je vous souhaite de belles fÃªtes ! ğŸ„Damien"
anis kerim,"CommandÃ© un contrÃ´leur pour trottinette, je regarde la foto et les caractÃ©ristiques tout est ok alors je passe commande et je reÃ§ois un contrÃ´leur qui nâ€™a rien Ã  avoir et les connexions tous diffÃ©rents. Jâ€™envoie un message au vendeur il me dit les caractÃ©ristiques sont pareil donc câ€™est bon mais si tu veux on te rembourse la moitiÃ© et tu revends le produit. Cdiscount mâ€™appelle et je leur explique, il me dise pareil, bref faut pas regarder la foto, les caractÃ©ristiques sont pareils ! Heureusement quand on va Ã  conforama et que lâ€™on choisi un placard Ã  2 portes ils nous livrent pas un autre modÃ¨le en disant oui mais il a 2 portes !!!",14/12/2023,2,RÃ©ponse : Cdiscount,15/12/2023,"Bonjour Anis,C'est dommage si le produit ne correspond pas Ã  ce que vous attendiez ! ğŸ˜Œ Vous pouvez demander un retour dans ce cas et je vais transmettre votre message au service clients pour qu'ils puissent vous indiquer la dÃ©marche Ã  suivre. Je vous envoie un message via Trustpilot pour avoir la rÃ©fÃ©rence de votre commande en privÃ©.A bientÃ´t,Damien"
GuyM,"Grand choix d'articles, site ergonomique, bon rapport qualitÃ© /prix sur certains articles.",16/12/2023,5,,,
melo,"Personnellement aprÃ¨s plusieurs achats je vous conseil plutÃ´t amazon en comparaison, la qualitÃ© des articles ainsi que le sav est vraiment au top.  Je suis dÃ©Ã§u de cdiscount quelque soit l'article ou le vendeur que des problÃ¨mes ou mauvaises qualitÃ©s c'est dommage.",13/12/2023,2,RÃ©ponse : Cdiscount,14/12/2023,"Bonjour Melo,C'est dommage si vous avez eu une impression mitigÃ©e en effet ! Mais j'espÃ¨re que nous aurons vite une occasion de mieux vous convaincre... Bonne journÃ©e et bonnes fÃªtes de fin d'annÃ©e ğŸ„ğŸŒŸDamien"
michele FRANCHE,site facile Ã  naviguer. On trouve facilement l'article que l'on cherche et aprÃ¨s il est assez commode de passer sa commande.,12/12/2023,5,,,
szczepanski gregory,Site de confiance et toujours rapide mÃªme si c est dÃ©jÃ  arrivÃ© un problÃ¨me de non rÃ©ception de la marchandise.,13/12/2023,5,,,
Gregoire Maurice,tres bon commercantserieuxsuivi impeccable des litiges fournisseursbravocontinuez,18/12/2023,5,,,
nizar zaghdoudi,"La pire expÃ©rience que jâ€™ai jamais eu:Avant de valider votre achat il vous annonce une date de livraison de j+1, une fois paiement effectuÃ© Ã§a passe Ã  4 jours et finalement produit non reÃ§u aprÃ¨s 3 semaines dâ€™attente et de rÃ©clamation. A chaque rÃ©clamation on vous dit que quelquâ€™un devrait vous contacter, ce quelquâ€™un nâ€™a jamais existÃ© Ã  priori. Colis perdu, cadeau dâ€™anniversaire gachÃ© â€¦ en attente de remboursementâ€¦ Ã  suivre",18/12/2023,1,RÃ©ponse : Cdiscount,19/12/2023,"Bonjour,Pour nous aussi c'est important que vous receviez la commande dans les dÃ©lais prÃ©vus, aussi je suis dÃ©solÃ© si cela n'a pas Ã©tÃ© le cas â˜¹ï¸. Je vais vous envoyer une demande via Trustpilot pour que vous puissiez me confirmer la rÃ©fÃ©rence de la commande. Mes collÃ¨gues pourront ainsi vÃ©rifier ce qu'il se passe. A trÃ¨s bientÃ´t,Damien"
Andya Kuts,Cliente de Cdiscount depuis 13 ans maintenant tout c'est Ã  peu prÃ¨s bien passÃ© mais j'ai rÃ©cemment passÃ© commande via un vendeur marketplace. Ayant voulu faire un retour j'ai Ã©tÃ© trÃ¨s Ã©tonnÃ©e que cela doit Ã  ma charge surtout pour une commande de + 200 euros. Cdiscount est injoignable par tÃ©lÃ©phone et il rÃ©pondrons sÃ»rement Ã  mon mail d'ici un mois ou deux. Autant dire que je suis dÃ©Ã§u. Attention aux commandes via les vendeurs marketplace les conditions gÃ©nÃ©rales de retour ne sont en aucun cas prÃ©cisÃ© avant la vente,12/12/2023,2,RÃ©ponse : Cdiscount,12/12/2023,"Bonjour Andya,Si vous avez sollicitÃ© un retour dans le cadre d'une rÃ©tractation, les frais de retour sont en effet Ã  votre charge, comme le prÃ©voient nos CGV ğŸ‘‰ https://clients.cdiscount.com/simple/cgv.aspxEn revanche, dans le cas d'un produit reÃ§u abÃ®mÃ© ou en panne, les frais de retour sont bien sÃ»r pris en charge directement ou remboursÃ©s dÃ¨s rÃ©ception du retour. Vous pouvez solliciter l'intervention de mes collÃ¨gues depuis votre espace client en ligne, Ã  la suite de vos Ã©changes avec le vendeur. Ils pourront vÃ©rifier si le vendeur a bien suivi les conditions demandÃ©es. A trÃ¨s bientÃ´t,Damien"
Nadine Lebellois,top comme dab je recommande c discount a tout le monde sÃ©rieux et trÃ¨s professionnelle encore merci a tt l 'Ã©quipe,14/12/2023,5,RÃ©ponse : Cdiscount,15/12/2023,"Merci Nadine, je vais transmettre votre message Ã  mes collÃ¨gues ! Merci de votre confiance et Ã  bientÃ´t ğŸ„ğŸŒŸDamien"
VÃ©ronique Gantois,"DÃ©Ã§ue car j'ai achetÃ© un article en payant des frais pour l'avoir en 2jours, je devais donc le recevoir le samedi ( en commandant le jeudi) et lÃ  nous sommes mardi 12/12/2023 , ayant reÃ§u un mail en me disant que c'Ã©tait prÃ©vu pour le 11/12 ...et encore reÃ§u un mail pour me dire que c'est pour le 12/12... L'envoi de mon colis n'Ã©tait mÃªme pas fait lorsque que leur ai envoyÃ© un mail pour dire mon mÃ©contentement...et le comble c'est qu'ils l'ont dÃ©posÃ© dans un point relais en disant qu'il n'y avait personne Ã§a la maison alors que j'Ã©tais lÃ  ils n'ont mÃªme pas venu chez moi car j'attendais ma commande depuis samedi...",12/12/2023,2,RÃ©ponse : Cdiscount,12/12/2023,"Bonjour VÃ©ronique,J'espÃ¨re que nous ferons mieux une prochaine fois alors, parce que pour nous aussi c'est important que vous receviez rapidement votre commande ! ğŸ˜A trÃ¨s bientÃ´t et toutes mes excuses pour ce retard,Damien"
kaiser francois,rapide et efficace et livree dans mon temps prevu super le pere noel passe bientot merci,12/12/2023,5,,,
Philox,"Cdiscount ne publie que les avis positifs.Ils m'ont refusÃ© deux fois des avis nÃ©gatifs sur leur marchands.Donc, mÃ©fiez vous des avis sur leur site, ils ne valent rien.En dehors de Ã§a, pas de problÃ¨me.",15/12/2023,3,RÃ©ponse : Cdiscount,15/12/2023,"Bonjour Philox,Pourtant, pour nous aussi les avis sont importants, qu'ils soient positifs ou nÃ©gatifs. Ils sont tous publiÃ©s dÃ¨s lors qu'ils respectent les conditions d'utilisation du site, que vous pouvez consulter ici ğŸ‘‰ https://www.cdiscount.com/avis-cgv.htmlVous avez du recevoir un message qui vous donne la raison pour laquelle l'avis ne pouvait Ãªtre publiÃ©, et dans ce cas vous pouvez tout Ã  fait le publier de nouveau aprÃ¨s modification. A bientÃ´t j'espÃ¨re, histoire d'avoir l'occasion de vous faire une meilleure impression !Bonnes fÃªtes de fin d'annÃ©e,Damien"
REVISO,"Trois semaines plus tard, je n'ai toujours pas reÃ§u mon colis. AprÃ¨s de multiples tentatives pour essayer de trouver mon adresse, ils n'ont pas Ã©tÃ© capables de livrer mon colis. PIRE, maintenant, ils ont confondu l'adresse de lâ€™expÃ©diteur avec le destinataire et ont renvoyÃ© mon colis vers l'expÃ©diteur.!!! NE VOUS FIER PAS AUX AVIS POSITIF REÃ‡U ICI MÃŠME, ILS SONT TOUS FAUX. CDISCOUNT EMPLOIE LES SERVICES D'UNE ENTREPRISE QUI CRÃ‰AIT DE VRAIS FAUX AVIS POUR RESTER AUX ALENTOURS D'UNE NOTE DE 4 Ã‰TOILES!!!",18/12/2023,1,RÃ©ponse : Cdiscount,19/12/2023,"Bonjour,C'est dommage que vous ayez rencontrÃ© une difficultÃ© lors de la livraison de votre commande et j'en suis dÃ©solÃ©. Dans ce cas, le service clients va faire le nÃ©cessaire pour que vous ayez une solution une fois le colis renvoyÃ© par le transporteur. Je me permets Ã©galement des prÃ©cisions utiles : l'origine des avis recueillis sur cette plateforme sont vÃ©rifiÃ©s par Trustpilot et pour nous aussi, c'est important que leur vÃ©racitÃ© soit confirmÃ©e, positifs comme nÃ©gatifs. Comme vous le verrez, les internautes sont nombreux Ã  Ãªtre satisfaits de leurs commandes chez nous et de notre cÃ´tÃ©, nous faisons au mieux pour que les erreurs soient le plus rares possible ğŸ˜‰. Bonne journÃ©e et bonnes fÃªtes,Damien"
Vanessa Kovac,toujours de bons produits et le paiement en x4 en cb est trÃ¨s pratique pour se faire plaisir Ã  petits prix,13/12/2023,5,,,
cliente,"j'ai voulu changer de mode de paiement et utiliser la carte cdiscount mais ma reduction n'apparaissait pas , pourquoi?",18/12/2023,2,RÃ©ponse : Cdiscount,18/12/2023,"Bonjour,N'hÃ©sitez pas dans ce cas Ã  vÃ©rifier si le panier est bien Ã©ligible Ã  la rÃ©duction que vous souhaitez utiliser. Je vous encourage aussi Ã  contacter nos conseillers : ils pourront toujours vous aider Ã  finaliser votre commande ğŸ˜‰ğŸ‘‰ https://clients.cdiscount.com/contact-service-client.htmlA bientÃ´t et bonnes fÃªtes,Damien"
A.Cotoni,"Grand choix de produits, prix trÃ¨s attractifs, facilitÃ© de recherche sur le site",14/12/2023,5,,,
Papillon,Je commande chez cdiscount depuis plus de 10ans et depuis quelques annÃ©es tous les mois je n'ai jamais eu un geste de leur part . Je trouve sa pas correct du tout .Et de plus pour un paiement en 4fois un prÃ©lÃ¨vement n'est pas passÃ© et ce sont permis de se servir la totalitÃ© dans mon compte sans ma permission d'ailleurs je vais voir ce que je peux faire avec la protection juridique.  VoilÃ  ce que j'en pense pour leur matÃ©riel je n' ai jamais Ã©tÃ© dÃ©Ã§u,12/12/2023,2,RÃ©ponse : Cdiscount,12/12/2023,"Bonjour Papillon,Je comprends que vous souhaitiez des avantages supplÃ©mentaires, et c'est notre prioritÃ© de proposer rÃ©guliÃ¨rement de nouvelles offres ! Si vous commandez rÃ©guliÃ¨rement, je vous encourage aussi Ã  regarder les avantages dont vous pouvez bÃ©nÃ©ficier avec l'abonnement Cdiscount Ã  VolontÃ© ğŸ‘‰ https://www.cdiscount.com/cdavIl vous permet notamment de cagnotter des euros sur vos achats, ce qui peut vite Ãªtre trÃ¨s intÃ©ressant. Vous trouverez les conditions du paiement en 4 fois ici ğŸ‘‰ https://www.cdiscount.com/payment/paymentinfo.html#paiement_4_fois, avec des prÃ©cisions sur les dÃ©marches effectuÃ©es lorsqu'une Ã©chÃ©ance ne peut Ãªtre prÃ©levÃ©e. J'espÃ¨re que cela rÃ©pondra Ã  votre question.A trÃ¨s bientÃ´t,Damien"
NW,"Encore une fois je n'ai pas pu utiliser les 5 euros de crÃ©dit carte c discount , le paiement ne passe soi disant pas et quand je fais l'achat sans mettre ce crÃ©dit Ã§a fonctionne .....",12/12/2023,2,RÃ©ponse : Cdiscount,12/12/2023,"Bonjour,C'est dommage si vous n'avez pas pu l'utiliser, mais il y a certainement une explication dans ce cas. Il ne faut pas hÃ©siter Ã  vÃ©rifier si le bon est limitÃ© Ã  un rayon spÃ©cifique ou Ã  un minimum d'achat par exemple. Et le service clients pourra Ã©galement vous aider en cas de besoin ğŸ‘‰ https://clients.cdiscount.com/contact-service-client.htmlA trÃ¨s bientÃ´t,Damien"
Caroline+Herbez,Commande marquÃ©e comme livrÃ©e mais jamais reÃ§ue. Appelle le service client pour obtenir un remboursement. Le conseiller me dit que pour avoir un remboursement il faut retourner l'article.... Mouais...,19/12/2023,1,RÃ©ponse : Cdiscount,19/12/2023,"Bonjour Caroline,Si la commande ne vous est pas parvenue, il vous est en effet difficile de la retourner mais il y a certainement eu une incomprÃ©hension ğŸ˜‰. Je vous envoie un message via Trustpilot pour en savoir plus : n'hÃ©sitez pas Ã  indiquer la rÃ©fÃ©rence de la commande !A bientÃ´t,Damien"
Abder,"Un conseil: Ã  Ã©viter l'achat via le site cdiscount.comJ'ai commandÃ© des interrupteurs de lÃ¨ve vitre de ma voiture et ils ne m'ont pas envoyÃ© les bonnes rÃ©fÃ©rences et quand j'ai rÃ©clamÃ©, ils m'ont dit qu'il faut appeler le vendeur, on ne peut rien faire pour vous. J'ai envoyÃ© plusieurs e-mails au vendeur sans retour de sa part. AprÃ¨s plusieurs jours d'attente, j'ai relancÃ© via le site cdiscount, cette fois ci, ce sont eux qui ont appelÃ© le vendeur et aprÃ¨s 4 jours encore, le vendeur m'a envoyÃ© un message pour retourner les interrupteurs et les frais de retours restent Ã  ma charge, alors que par exemple avec Amazone, le service est rapide, et le retour sans frais.Pour info: AprÃ¨s plus d'un mois, le problÃ¨me n'est pas rÃ©glÃ© encore",19/12/2023,1,,,
G-H,"G-H : bonjour le 19 dÃ©cembre toujours aucune solution de la part de cdiscount Alors excuse moi Damien d'avoir confondu un zero Ã  la place d un o sur le numÃ©ro de commande 2311161653024T9 â—2311161653O24T9 Et pourquoi vous essayez de m'appeler, alors que vous pouvez envoyer des messages ?, j ai rien reÃ§u sur mon tÃ©lÃ©phone ? mÃªme sur le rÃ©pondeur rien du tout ? Cdiscount arrÃªt de noyÃ© le poisson, avec tout les Ã©lÃ©ments et les fautes du vendeur que vous avez, je ne comprend pas que vous puissiez tourner en rond comme cela, arrÃªtez de dormir,  soyez plus responsable devant vos acheteurs qui vous ont fait confiance en passant sur votre site Je vous tiens toujours au courant de la suite cordialement",19/12/2023,1,,,
M B,"A fuire.Propose des offres Â«Â blackfridayÂ Â» quâ€™ils ne peuvent pas tenir en laissant traÃ®ner en longueur la livraison afin que la carte bancaire virtuelle expire.Vous recevez ensuite un lien non fonctionnel de modification de carte bancaire et lorsque vous contactez le service client il vous explique ne rien pouvoir faire et vous demande dâ€™annuler votre commande pour la refaire avec forcÃ©ment les tarifs non black friday trÃ¨s gonflÃ© de Cdiscount.Au final jâ€™ai attendu un mois pour rien avec une offre black friday que cdiscount savait sÃ»rement quâ€™il ne pouvait pas tenir dÃ¨s le dÃ©part !Malheureusement jâ€™aurais bien voulu faire marcher une entreprise franÃ§ais, mais sur Amazon cela ne serait pas arrivÃ©.",18/12/2023,1,RÃ©ponse : Cdiscount,19/12/2023,"Bonjour,Respecter les dates de livraison est tout aussi important pour nous, aussi je suis dÃ©solÃ© que la commande n'ait pas Ã©tÃ© reÃ§ue comme prÃ©vu. Mais il y a visiblement eu un souci dans le paiement si un nouveau lien vous a Ã©tÃ© envoyÃ©... ğŸ˜ J'espÃ¨re que nous aurons quand mÃªme une occasion de nous rattraper et je vous prÃ©sente toutes mes excuses pour cette dÃ©ception !Bonne journÃ©e et Ã  bientÃ´t,Damien"
MONICA Dore,"Encore une semaine de plus,encore des promesses et des mensonges. Je me demande pourquoi le Service AprÃ¨s vente ne fait pas son travail ?!Deux mois et demie sans tÃ©lÃ©phone c'est suffisant. Cher Damien quand tu veux donner l'impression que tu t'intÃ©resse Ã  la problÃ¨me de client fait-le jusqu'Ã  la fin, par respect.Merci",19/12/2023,1,RÃ©ponse : Cdiscount,19/12/2023,"Bonjour,Je comprends que vous souhaitiez une solution mais d'aprÃ¨s ce que je vois, le service clients s'occupe de votre demande. Votre prÃ©cÃ©dent message leur a bien Ã©tÃ© transmis, aussi vous devriez avoir des nouvelles bientÃ´t.Bonne journÃ©e,Damien"
ROUSSELETYANNICK,"le top du top on n'y trouve tout, expÃ©dition rapide et prix attractifs",14/12/2023,5,,,
SÃ©bastien,J'ai loupÃ© un bon d'achat de 10â‚¬ qui expirait hier soir et je dÃ©couvre aujourd'hui que l'article que je viens de commander Ã  augmentÃ©.,15/12/2023,2,RÃ©ponse : Cdiscount,15/12/2023,"Bonjour SÃ©bastien, Les dates de validitÃ© des bons d'achat sont indiquÃ©s sur votre espace client en ligne, rubrique ""mes bons d'achat et remboursement"", et vous recevez aussi un petit rappel lors de la connexion, sous forme de pop-up. Je suis dÃ©solÃ© si vous n'avez pas vu l'info ğŸ˜ŒLes prix sont amenÃ©s Ã  Ã©voluer rÃ©guliÃ¨rement, Ã©tant donnÃ© le nombre d'offres que nous proposons tout le temps. Un article placÃ© dans le panier n'est pas rÃ©servÃ©, en revanche, son prix n'Ã©volue pas dÃ¨s lors que vous avez validÃ© la commande bien sÃ»r. Vous pouvez aussi observer des prix diffÃ©rents en fonction des vendeurs qui proposent un mÃªme article. J'espÃ¨re que ces informations pourront vous Ãªtre utiles !A bientÃ´t,Damien"
Mbo,"J'ai rencontrÃ© un problÃ¨me avec l'achat d'un smartphone huawei p30 pro dÃ©but dÃ©cembre 2023.Il s'agit d'un problÃ¨me (vice cachÃ©) sur certains tÃ©lÃ©phones p30 (mise au point impossible de l'appareil photo)Puisque cdiscount n'est plus qu'une centrale de marketPlace dÃ©sormais, cdiscount m'a laissÃ© me dÃ©patouiller avec un revendeur pas trÃ¨s comprÃ©hensif et je pÃ¨se mes mots !J'attends toujours mon remboursement !Cdiscount n'offre plus du tout la qualitÃ© et le SAV que j'avais connu auparavant !TrÃ¨s dÃ©cevant !  je n'achÃ©terais plus chez Cdiscount !",16/12/2023,1,RÃ©ponse : Cdiscount,18/12/2023,"Bonjour Mbo,[Mise Ã  jour : d'aprÃ¨s ce que je vois, le vendeur a confirmÃ© le remboursement, aussi vous devriez avoir des nouvelles du service clients sous peu. A trÃ¨s vite !Damien]je vous remercie en premier lieu pour votre fidÃ©litÃ© ğŸ˜‰Ensuite, notre site a bien sÃ»r Ã©voluÃ© mais pas au dÃ©triment des services concernant nos clients. En effet, nous sommes particuliÃ¨rement attentifs Ã  ce que nos vendeurs soient rÃ©actifs.Je vais vous contacter par mail depuis ce site pour que mes collÃ¨gues du service clients puissent consulter votre dossier.Ã€ tout de suite,Damien"
TRAPP Sandrine,"J'ai commandÃ© un four chez Cdiscount le 28/11/23. Afin d'Ãªtre prÃ©sente lors de la livraison, j'ai attendu 2 semaines pour avoir une livraison un samedi, prÃ©vue le 9/12/23. Je reÃ§ois la semaine avant un message que la livraison se fera lundi 11/12/23 aprÃ¨s-midi, sans aucune possibilitÃ© de la modifier. Je prends congÃ©s. Je reÃ§ois le matin mÃªme 2 messages contradictoires: livraison prÃ©vue et livraison annulÃ©e. Depuis lors, impossible de joindre un opÃ©rateur au tÃ©lÃ©phone, aucune rÃ©ponse Ã  mes 3 messages. Les fÃªtes de fin d'annÃ©e sont dans 5 jours et je n'ai pas de four ni aucune idÃ©e de quand je pourrai espÃ©rer l'avoir alors qu'il est payÃ©. Impossible de joindre Cdiscount non plus, cela va de soi.Je suis trÃ¨s mÃ©contente. je ne recommande ni Cdiscount ni CChezvous et je n'y commanderai plus rien Ã  l'avenir.",18/12/2023,1,RÃ©ponse : Cdiscount,18/12/2023,"Bonjour Sandrine,Je comprends votre dÃ©ception si la commande n'est pas arrivÃ©e dans les dÃ©lais prÃ©vus â˜¹ï¸. Le transporteur va certainement pouvoir vous proposer un nouveau crÃ©neau et je vous invite Ã  le joindre directement. Bien sÃ»r, si ce n'est pas le cas, le service clients pourra vous proposer une solution aussi. A trÃ¨s bientÃ´t,Damien"
joh,"C'est inadmissible d'envoyer un colis Ã  une adresse diffÃ©rente de celle que j'ai indiquÃ©e, je ne comprends pas le principe.Je fais l'effort de mettre une adresse puisqu'aucun point relais ne m'a Ã©tÃ© proposÃ© pour qu'au final mon colis soit livrÃ©e Ã  un point relais sans mon avis ! Aucun mail ne m'a Ã©tÃ© envoyÃ© pour m'informer que ma commande Ã©tait livrÃ©e, j'ai eu ""l'agrÃ©able"" surprise de voir sur le site que mon colis a Ã©tÃ© livrÃ© alors que ma boite aux lettres Ã©tait vide.Je suis en cours de discussion avec un livreur (qui personnellement pourra faire un effort pour me proposer des solutions Ã  ma situation) qui ne m'indique que la ""fameuse adresse"" ainsi qu'un pdf confirmant la rÃ©ception. C'est bien gentil mais Ã§a ne m'aide pas, je ne sais pas comment avoir mon colis ni comment me faire rembourser.Enoncer des faits ne servent Ã  rien, proposez plutÃ´t des alternatives Ã  vos clients pour les satisfaires un minimum.",18/12/2023,1,RÃ©ponse : Cdiscount,19/12/2023,"Bonjour,C'est Ã©tonnant si la livraison a Ã©tÃ© effectuÃ©e dans un point relais et que vous n'ayez pas Ã©tÃ© prÃ©venu, le suivi de votre commande devrait pourtant vous indiquer le lieu de livraison â˜¹ï¸. Je vous envoie un message via Trustpilot pour que mes collÃ¨gues puissent vÃ©rifier : merci de bien prÃ©ciser la rÃ©fÃ©rence de la commande en rÃ©ponse !A bientÃ´t,Damien"
Emerard christian,"CdiscountSite Ã  Ã©viter pourquoi?Et bien pour commencer des dÃ©lais non respectÃ© .Le service hotline totalement incompÃ©tent ne comprennent pas la langue franÃ§aise.Ensuite arnaque avec le fameux Cdiscount Ã  volontÃ© il vous prÃ©leve 29 euro s'en votre autorisation et quand vous voulez vous faire rembourser ils trouvent toutes les excuses pour ne pas vous rembourser ce sont des voleurs .Et pour finir j'espÃ¨re sincÃ¨rement que ce groupe va bientÃ´t fermer et laisser la place aux professionnels comme amazon ,manomano ,etc...Cdiscount Ã  Ã©viterCordialement Ã  tous",15/12/2023,1,RÃ©ponse : Cdiscount,15/12/2023,"Bonjour Christian,Pour nous aussi c'est important que votre commande arrive dans les dÃ©lais prÃ©vus, aussi je suis dÃ©solÃ© si cela n'a pas Ã©tÃ© le cas ! Mais je ne peux vous laisser dire que mes collÃ¨gues ne comprennent pas la langue franÃ§aise... ğŸ˜ŒL'abonnement Cdiscount Ã  VolontÃ© est renouvelable en tacite reconduction. Un message vous est envoyÃ© 30 jours avant le renouvellement pour vous en informer et vous indiquer la dÃ©marche Ã  suivre si vous ne souhaitez pas le conserver. Vous trouverez des prÃ©cisions dans nos CGV ici ğŸ‘‰https://clients.cdiscount.com/simple/cgv.aspxJ'espÃ¨re que nous aurons une autre occasion de vous faire changer d'avis !Bonne journÃ©e,Damien"
alain Tardy,Je commande pour ma sociÃ©tÃ©.environ plus de 2000â‚¬ par mois et environ 2 colis par semaine vous travailler avec chronopost et vous ne repectez pas les dÃ©lais.colis passÃ© mardi 6 jours aprÃ¨s rien.aucune nouvelle.je ne commanderais plus chez vous.,18/12/2023,1,RÃ©ponse : Cdiscount,18/12/2023,"Bonjour Alain,Pour nous aussi c'est primordial que vous receviez votre commande dans les dÃ©lais prÃ©vus, quel que soit le mode de transport que vous sÃ©lectionnez. Et ce n'est pas normal si ce n'est pas le cas, aussi je vous envoie un message pour vÃ©rifier ce qu'il se passe. Merci de m'indiquer la rÃ©fÃ©rence d'une commande ainsi que les coordonnÃ©es liÃ©es Ã  votre compte client Cdiscount en privÃ© ğŸ˜‰A trÃ¨s bientÃ´t,Damien"
JÃ©rÃ´me,"Service client dÃ©plorable,Suite a la commande dâ€™un Ecran sur cdiscount celui-ci ne fonctionne pas correctement et non reconnu .Je fais une recherche le vendeur pas de problÃ¨me on vous le change voici une Ã©tiquette de retour a la rÃ©ception de lâ€™Ã©cran on vous renvoie un nouveauâ€¦.Pour info lâ€™Ã©cran est collÃ© donc il faut le casser pour enlever bref , câ€™est une telephone pro impossible de rester sans telephone une semaine.Les avis sont erronÃ©s il nâ€™ont meme pas publiÃ© mon avis sur cette ecran non compatible",16/12/2023,1,RÃ©ponse : Cdiscount,18/12/2023,"Bonjour JÃ©rÃ´me,je comprends votre dÃ©ception concernant cet Ã©cran qui ne fonctionne pas. Est-ce que vous avez signalÃ© que vous Ã©tiez obligÃ© de la casser pour l'envoyer ? Je pense que le vendeur comprendra que vous ne pouvez pas faire autrement ğŸ˜•En ce qui concerne l'avis, vous avez dÃ» recevoir un mail expliquant pourquoi votre avis n'Ã©tait pas publiable. Je vous remets le lien ici :https://www.cdiscount.com/avis-cgv.html  Tenez-moi au courant  !Damien"
Grosso,"J ai commandÃ© pendant des annÃ©es chez eux la c est terminÃ© !!!! Paiement en 4 fois refusÃ© et empreinte bancaire effectuÃ© , ils le disent remboursement dans 7 Ã  15 jours, sauf que je n ai plus les sous qui Ã©taient pour les cadeaux de noel de mes filles , scandaleux, mÃªme si l argent sera recredite ils m ont gÃ¢chÃ© mon Noel",16/12/2023,1,RÃ©ponse : Cdiscount,18/12/2023,"Bonjour Grosso,tout d'abord, merci pour votre fidÃ©litÃ© ğŸ˜‰Ensuite, je vous rassure cette empreinte bancaire n'est pas vraiment un dÃ©bit et vous allez pouvoir rapidement rÃ©cupÃ©rer la somme qui Ã©tait prÃ©vue.J'espÃ¨re que vous allez pouvoir Ã  nouveau gÃ¢ter vos enfants ğŸ„Bonne fÃªtes,Damien"
Consumer,"Je voulais renvoyer un article pour un remboursement. J'ai dÃ» me contenter d'Ã©changer des messages avec le vendeur.  Je n'ai jamais rÃ©ussi Ã  joindre cdiscount.  Je leur ai donc laissÃ© un avis dÃ©favorable,  et ils m'ont Ã©videmment rÃ©pondu que mon avis ne serait pas publiÃ© ! Je supprime l'application et commanderai sur AMAZON, qui est bien plus correcte et efficace.",15/12/2023,1,RÃ©ponse : Cdiscount,15/12/2023,"Bonjour,C'est dommage parce que vous pouvez signaler tout souci avec un vendeur directement depuis votre espace client en ligne, comme expliquÃ© dans nos FAQ ici ğŸ‘‰ https://clients.cdiscount.com/contact-service-client.htmlJe vous recommande d'ailleurs de suivre cette dÃ©marche pour qu'ils puissent intervenir auprÃ¨s du vendeur. A bientÃ´t et bonne journÃ©e,Damien"
Eric Predhomme,TrÃ¨s grande facilitÃ© pour passer une commande.,15/12/2023,5,,,
Mme Nicole DECHARNES,facilitÃ© sur la recherche de l'achat prÃ©vu et prix toujours attractifs,14/12/2023,5,,,
biscarat,"Table de cuisson commandÃ©e le 11/12 et disponible pour livraison prÃ©vue le 13 ou 14/12 - Aucune nouvellese renseigne auprÃ¨s du vendeur sans donner de rÃ©ponse claire et prÃ©cisePar contre encaisse rapidement, vendent leur systeme cdiscount Ã  volontÃ© qui apparemment ne sert a rien si ce n'est prendre un peu plus de pognonA dÃ©conseiller fortement",14/12/2023,1,RÃ©ponse : Cdiscount,15/12/2023,"Bonjour,C'est en effet le vendeur qui assure le suivi de la commande, aussi si elle ne vous est pas parvenue dans les dÃ©lais prÃ©vus, je vous encourage Ã  le contacter depuis votre espace client en ligne ğŸ˜‰. Si le vendeur ne rÃ©pond pas dans un dÃ©lai de 48h, le service clients prendra la suite pour ne pas vous faire attendre plus longtemps. Vous trouverez Ã©galement des prÃ©cisions dans notre FAQ ici ğŸ‘‰ https://clients.cdiscount.com/contact-service-client.htmlA trÃ¨s bientÃ´t,Damien"
stephanie MAGLOIRE,"Commande passÃ©e. Paiement en 4 fois refusÃ©. Je reÃ§ois un mail me disant de suite vre le lien pour revalider le paiement, ce que je fais. RÃ©sultat : 2 mensualitÃ©s prÃ©levÃ©es. On me parle d empreinte bancaire mais mon compte a bien Ã©tÃ© dÃ©bitÃ©. J appelle tous les jours depuis deux semaines. On le soutient que les sommes seront annulÃ©es automatiquement. Et bien non, je me bats pour rÃ©cupÃ©rer mon argent. Des voleurs, arnaqueurs, les conseillers sont formÃ©s pour endormir les gens. Fuyez Cdiscount",15/12/2023,1,RÃ©ponse : Cdiscount,15/12/2023,"Bonjour Stephanie,Si le paiement initial n'a pas Ã©tÃ© validÃ©, une empreinte bancaire peut subsister sur votre relevÃ© d'opÃ©rations bancaires. Cela correspond Ã  une demande d'autorisation et non Ã  un dÃ©bit. En revanche, ce dÃ©lai de 2 semaines me semble inhabituel, aussi je vais demander Ã  mes collÃ¨gues de vÃ©rifier ğŸ˜Š.Merci de prÃ©ciser votre numÃ©ro de commande en privÃ©, cela me permettra de transmettre votre message.A bientÃ´t,Damien"
Veronique Gadebois,"Je fais suite Ã  mon avis prÃ©cÃ©dent ; en effet, Damien ! Le service clients ""propose"" (impose) une solution : l'article est remboursÃ©, alors que je demandais un Ã©change, et mes 34 euros de frais de retour ne sont pas pris en charge, alors que lâ€™appareil est dÃ©fectueux.DÃ©cidÃ©ment, vos pratiques manquent d'honnÃªtetÃ©...",15/12/2023,1,RÃ©ponse : Cdiscount,15/12/2023,"Bonjour Veronique,Les frais de retour sont bien sÃ»r remboursÃ©s lorsque la commande est retournÃ©e parce qu'elle est abÃ®mÃ©e ou dÃ©fectueuse. Aussi, si vous l'avez signalÃ©, il n'y a pas de raison que cela n'ait pas Ã©tÃ© pris en charge, mais je vais vÃ©rifier auprÃ¨s de mes collÃ¨gues. Merci de m'indiquer la rÃ©fÃ©rence de la commande en privÃ© ğŸ˜‰A bientÃ´t,Damien"
AKS,"Attention, Cdiscount n'intervient pas en cas de problÃ¨me avec les vendeurs partenaires. En tout cas, cest mon expÃ©rience avec un vendeur ""franÃ§ais"" qui expÃ©die les produits depuis la Chine et aucune livraison depuis 4 semaines. Silence radio de la part de Cdiscount.",16/12/2023,1,RÃ©ponse : Cdiscount,18/12/2023,"Bonjour AKS,je comprends votre dÃ©ception mais je ne peux pas vous laisser penser que nous n'intervenons pas si vous rencontrez des difficultÃ©s avec un vendeur ğŸ˜•Et pour ne pas vous laisser sur cette mauvaise impression, je vous envoie un mail depuis ce site pour rÃ©cupÃ©rer votre numÃ©ro de commande. Je pourrai ainsi envoyer votre message Ã  notre service clients !Merci par avance de bien vouloir rÃ©pondre Ã  mon mail,Damien"
Consumer,"Plus jamais commande effectuÃ©e le 5 dÃ©cembre 2023, bien sÃ»r pour les cadeaux de NoÃ«l des enfants. On me dit seulement aujourdâ€™hui le 18 dÃ©cembre 2023, que la commande a Ã©tÃ© annulÃ©e pour des problÃ¨mes techniques. Minable. ğŸ‘ğŸ¼",18/12/2023,1,RÃ©ponse : Cdiscount,18/12/2023,"Bonjour,Cela ne devrait pas arriver en effet et il y a certainement une explication si la commande a du Ãªtre annulÃ©e â˜¹ï¸. J'espÃ¨re que nous pourrons faire mieux une prochaine fois et je suis vraiment dÃ©solÃ© de cette expÃ©rience, surtout Ã  cette pÃ©riode de l'annÃ©e !Bonne journÃ©e,Damien"
Isabelle Camilleri,Depuis des annÃ©es chez cdiscout je trouve que le site n'est plus du toute que c'Ã©tait. J'ai eu un problÃ¨me avec un objet une friteuse achetÃ©e rÃ©cemment je l'ai ai contactÃ© directement retirage sur le vendeur qui lui mÃªme se fou de votre problÃ¨me Ã  part vous demander des numÃ©ros de sÃ©rie alors que l'article a 1mois et demi.TrÃ¨s dÃ©Ã§u .Le vendeur est BOUTIQUE OFFICIELLE CECOTECPour ma part dorÃ©navant Ã§a sera amazon,15/12/2023,1,RÃ©ponse : Cdiscount,15/12/2023,"Bonjour Isabelle,Le vendeur est en effet responsable du suivi et du service aprÃ¨s-vente de votre friteuse, mais s'il ne vous a pas proposÃ© de solution, le service clients pourra certainement vÃ©rifier ce qu'il se passe ! ğŸ˜‰ Je vais vous envoyer un message via Trustpilot pour que vous puissiez me confirmer la rÃ©fÃ©rence de la commande. A bientÃ´t,Damien"
HervÃ©,"Commande d'un frigo avec un choix de livraison le 15/12 avec Cchezvous car prÃ©cÃ©dent frigo en panne donc relativement urgent. Livraison Ã  plus de 50â‚¬ tout de mÃªme. Nous recevons un message comme quoi la livraison sera bien le 19/12, sans notre accord bien sÃ»r. L'explication que nous avons obtenu : problÃ¨me informatique. Sauf qu'Ã©videmment nous travaillons, le 19/12 ne nous convenait pas du tout. Nous exprimons notre mÃ©contentement et obtenons un bon d'achat de 5â‚¬ (mieux vaut ne rien faire Ã  ce compte, cela donne le sentiment qu'on se moque de nous).......Nous dÃ©calons donc la livraison au 20/12, en prÃ©cisant plus d'une fois au service client qu'il est impÃ©ratif que le livreur passe avant 11h car aprÃ¨s nous devons partir au travail. Et que nous ne pouvons pas davantage retarder la livraison, Ã©tant donnÃ© que nous avons besoin du frigo. Nous obtenons ensuite un bon d'achat de la valeur de livraison pour excuses (encore heureux !!!). Et Ã©videmment, on nous dÃ©clare avec certitude que la livraison se fera avant la date annoncÃ©e, que nous n'avons pas de soucis Ã  nous faire vis Ã  vis du crÃ©neau horaire. Bien Ã©videmment, rien n'a bougÃ©...et encore pire nous recevons une confirmation de livraison le 20/12 entre 11h et 13h. Autrement dit, pile le crÃ©neau oÃ¹ nous ne sommes pas lÃ . Je n'ai jamais vu un tel niveau d'incompÃ©tence, Ã  fuir !!! Cela fait beaucoup de loupÃ©s pour une seule livraison.",18/12/2023,1,RÃ©ponse : Cdiscount,19/12/2023,"Bonjour HervÃ©,Je m'excuse de cette expÃ©rience, et je comprends bien que ces divers changements soient contraignants ğŸ˜. Je vous invite Ã  contacter le transporteur directement pour qu'il puisse vous proposer un crÃ©neau qui vous convient mieux. Et de mon cÃ´tÃ©, je vous envoie aussi un message via Trustpilot pour que vous puissiez me confirmer la rÃ©fÃ©rence de la commande...A trÃ¨s bientÃ´t,Damien"
Olivier Melaye,"Jâ€™ai ajoutÃ© un avis sur le site cdiscount sur un appareil dÃ©fectueux. Jâ€™ai aussi juste indiquÃ© que le cdiscount faisait que passÃ© plat. En effet, les garanties sont pris en charge par la marque et non cdiscount.De ce fait, cdiscount a filtrÃ© mon avis et ne lâ€™a pas publiÃ©.",19/12/2023,1,,,
Varnier nadia,la rapiditÃ© des recherche la facilitÃ© tout et bien claire .,12/12/2023,5,,,
Catherine,"j'ai commandÃ© un canapÃ© convertible chez cdiscount dÃ©but dÃ©cembre ou la livraison Ã©tait prÃ©vue pour le 14 dÃ©cembre 2023, j'ai reÃ§u 1 mail m'annonÃ§ant que cette livraison sera finalement pour le 26 dÃ©cembre au plus tard!!! je suis trÃ¨s mÃ©contente, parce que j'ai de la famille qui arrive pour les fÃªtes de noÃ«l et je n'ai pas de quoi les coucher!! leurs stocks ne sont pas Ã  jour alors que se sont eux qui m'ont proposÃ© ce canapÃ© puisque la livraison Ã©tait relativement tÃ´t par rapport aux fÃªtes!!! je ne recommande pas du tout cdiscount Ã  fuir!!!!",15/12/2023,1,RÃ©ponse : Cdiscount,15/12/2023,"Bonjour Catherine,[Mise Ã  jour : je vois en effet que la livraison est prÃ©vue entre le 18/12 et le 16/12 : le service clients fait au mieux pour que la commande arrive au plus tÃ´t et vous aurez des nouvelles directement]Je comprends bien que cela impacte l'organisation pour les fÃªtes, surtout si la livraison Ã©tait prÃ©vue pour le 14 ğŸ˜Œ. Les transporteurs font au mieux, pendant cette pÃ©riode, pour que les commandes soient bien livrÃ©es dans les conditions prÃ©vues... Je vous envoie un message via Trustpilot : merci de confirmer la rÃ©fÃ©rence de votre commande en retour. A bientÃ´t,Damien"
franÃ§ois,"Prix en gÃ©nÃ©ral excessifs, facile de trouver mieux avec une simple recherche rapideTransporteur en-dessous de tout",11/12/2023,2,RÃ©ponse : Cdiscount,12/12/2023,"Bonjour FranÃ§ois,Et pourtant, nous faisons au mieux pour vous proposer les meilleurs prix possibles ! Comme les offres sont nombreuses sur Cdiscount.com, mÃªme pour des produits similaires, il ne faut pas hÃ©siter Ã  comparer ğŸ˜ŠJ'espÃ¨re que nous pourrons mieux vous convaincre trÃ¨s bientÃ´t.Bonne journÃ©e,Damien"
Foucher,Nâ€™achetez rien chez CDiscount le service aprÃ¨s-vente est honteux. Une machine de moins de deux ans qui tombe en panne nâ€™est pas remplacÃ©e et pour les rÃ©parations il faut attendre environ un mois sans savoir ce qui est en cours et sera pris en charge. Et tout le monde sâ€™en moque.,18/12/2023,1,RÃ©ponse : Cdiscount,19/12/2023,"Bonjour,Je suis dÃ©solÃ© de cette expÃ©rience, d'autant plus que mes collÃ¨gues sont lÃ  pour vous aider si nÃ©cessaire ! ğŸ˜Œ Je vais d'ailleurs vous envoyer un message via Trustpilot pour en savoir plus. Merci de bien indiquer la rÃ©fÃ©rence de la commande en retour, pour que je puisse leur transmettre votre avis.A bientÃ´t,Damien"
Romain Machart,"Efficace, prÃ©cis, bien dÃ©taillÃ© et honnÃªte",16/12/2023,5,,,
michel,Client fidÃ¨le depuis des annÃ©es je suis trÃ¨s dÃ©Ã§u par cdiscount. Produit commandÃ© et envoyÃ© par cdiscount jamais arrivÃ© et impossibilitÃ© de se faire rembourser. Le discours est bien rodÃ© nous contactons notre transporteur et vous donnons une rÃ©ponse sous 48h.Jamais eu de rÃ©ponse depuis un mois mais l'argent est bien sur leur compte en banque.,14/12/2023,1,RÃ©ponse : Cdiscount,14/12/2023,"Bonjour Michel,Si le produit que vous aviez commandÃ© ne vous est pas parvenu, le service clients va vous trouver une solution, pas d'inquiÃ©tude ! ğŸ˜‰ Je vous envoie un message via Trustpilot pour en savoir plus et vous aider. A trÃ¨s bientÃ´t,Damien"
julien mboma,"c'est pratique, merci",19/12/2023,4,,,
Sylvia Jardi,probleme paiement cb cdicount etcode promo qui ne fonctionne pas,16/12/2023,2,RÃ©ponse : Cdiscount,18/12/2023,"Bonjour Sylvia,je suis dÃ©solÃ© si vous avez rencontrÃ© des difficultÃ©s et je vous recommande de contacter mes collÃ¨gues qui vont vous aider Ã  finaliser votre paiement. Vous pouvez les joindre de diffÃ©rentes maniÃ¨res â¤µhttps://clients.cdiscount.com/frequentlyaskedquestions.html?userinput=Comment%2520contacter%2520Cdiscount%2520%3FÃ€ bientÃ´t et joyeuses fÃªtes ğŸ„Damien"
JEAN COUREAU,,18/12/2023,5,,,
RENE GAUNEL,jamais eu de problÃ¨mes avec eux depuis mon premier achat,14/12/2023,5,,,
Aleksei Ardalionov,"Site des voleurs !!!! Ils ont inscrits un adonement a mon nom et ils m'ont volÃ© 30 euros !!! J'ai jamais rien acheter , j'ai jamais rien acheter chez des voleurs !!! C'est scandaleux !!!! Des voleurs !!! Des voleurs !!!!",19/12/2023,1,RÃ©ponse : Cdiscount,19/12/2023,"Bonjour,Ces termes ne nous correspondent pas... L'abonnement auquel vous faites rÃ©fÃ©rence est celui que vous avez souscrit l'an dernier lors d'une commande, et qui a Ã©tÃ© renouvelÃ©. Le renouvellement est effectuÃ© en tacite reconduction : cela veut dire que vous recevez un mail, 30 jours avant, pour vous en informer et vous donner la dÃ©marche Ã  suivre si vous ne souhaitez pas le conserver. Vous trouverez Ã©galement des prÃ©cisions dans nos CGV ici ğŸ‘‰ https://clients.cdiscount.com/simple/cgv.aspxBonne journÃ©e,Damien"
semsem,"commande d une PS5 livraison garanti en 2 jours. Cela fait 12 jours que je n'ai pas reÃ§u le colis.Plusieurs appel passer au service client, plusieurs message laisser sur le site et toujours rien une enquete a Ã©tÃ© lancÃ© pas puis une 2eme je demande le remboursement et on me repond non je ne recommande pas du tout cdscount et encore moins le service client",12/12/2023,1,RÃ©ponse : Cdiscount,13/12/2023,"Bonjour,[Mise Ã  jour : je vois que le service clients s'occupe de vous trouver une solution, aussi vous devriez avoir des prÃ©cisions trÃ¨s vite. A bientÃ´t,Damien]Pour nous aussi c'est important que vous receviez rapidement votre commande, encore plus Ã  cette pÃ©riode de l'annÃ©e, aussi je suis dÃ©solÃ© si ce n'est pas le cas !L'enquÃªte transporteur ouverte par le service clients va permettre de vous trouver une solution, et d'effectuer un remboursement si le colis a Ã©tÃ© perdu ğŸ˜‰. Et je vous envoie de mon cÃ´tÃ© un message pour que vous puissiez me confirmer la rÃ©fÃ©rence de la commande en privÃ©.A trÃ¨s vite,Damien"
Ludovic Mifsud,Cdiscount devrait se debarrasser des livreurs comme Vir by jp qui n'assure aucune livraison. Je les ai appelÃ© et tapis pour eux j'annule ma commande de machine Ã  laver.Au point oÃ¹ ils en sont. Ils vont fermer Boutique de pas Ã©couter les clients insatisfaits,14/12/2023,1,RÃ©ponse : Cdiscount,15/12/2023,"Bonjour Ludovic,Je suis dÃ©solÃ© que votre commande ne vous soit pas parvenue dans les dÃ©lais prÃ©vus ! Je vais transmettre votre message au service clients, pour qu'ils puissent vÃ©rifier avec le transporteur ce qu'il s'est passÃ©. Je vous prie de me prÃ©ciser la rÃ©fÃ©rence de votre commande en privÃ©, et j'espÃ¨re que nous aurons une autre occasion de nous rattraper ! ğŸ˜ŠA bientÃ´t,Damien"
Teddy,"Une catastrophe et client depuis 2013.45 jours pile pour trouver une solution et avoir un remboursement suite Ã  la perte d'un micro ondes! Et des, nous allons vous rappeler... ne vous inquiÃ©tez pas... Tout Ã§a en se rejetant la patate chaude avec chronopost qui au passage est une entreprise catastrophique. Une premiÃ¨re enquÃªte et une deuxiÃ¨me enquÃªte,  blablabla...Jamais de retour de ces 2 entreprises, des dÃ©lais d'attente tÃ©lÃ©phonique, n'en parlons pas et pour tomber sur des plate-formes pour les 2, basÃ©es sur le continent africain. Bref tout Ã§a pour dire, que lorsque que tout va, Ã§a va mais lorsque que cela ne va pas et bien c'est la rÃ¨gle des 3 P. Patience, patience et patience. Ah pour information, le micro ondes n'a toujours pas Ã©tÃ© retrouvÃ© et donc, a bel et bien disparu de cette planÃ¨te terre !  Quelle galÃ¨re pour un cadeau d'anniversaire Ã  la base.",16/12/2023,1,RÃ©ponse : Cdiscount,18/12/2023,"Bonjour Teddy et tout d'abord, merci pour votre fidÃ©litÃ© ğŸ˜‰ et votre patience.Pour mieux comprendre votre situation, je vais vous envoyer un mail de demande d'information. Cela me permettra de transmettre votre message Ã  notre service clients qui va en prendre connaissance.Ã€ tout de suite,Damien"
Alain F,Aucun problÃ¨me de commande. Suite aprÃ¨s la livraison,13/12/2023,4,,,
Malone,"J'ai rÃ©cemment passÃ© une commande en choisissant un relais Ã  5 min de chez moi. J'ai reÃ§u un message de la part du transporteur qui me disait que le relais Ã©tait indisponible et d'en choisir un autre. Le seul relais qu'il me propose est trop loin (dans un autre dÃ©partement). N'ayant pas de moyen de locomotion J'ai envoyÃ© un message au transporteur pour leur dire que ce relais n'es pas accessible pour moi. RÃ©ponse de leur part....voici un lien pour le suivi. Du coup je contacte le vendeur et.....mÃªme RÃ©ponse, je demande l'aide Ã  cdiscount et.....ils n'ont mÃªme pas lis mon message mais m'ont envoyÃ© le lien pour le suivi. Je trouve Ã§a abuser! VoilÃ  comment Cdiscount traite une cliente de 11 ans. J'ai payÃ© presque 8â‚¬ de frais de transport pour qu'au final je ne puisse pas rÃ©cupÃ©rer mon colis. Merci Cdiscount de m'avoir fait perdre du temps et de l'argent. J'espÃ¨re juste un remboursement intÃ©gral quand le colis sera retournÃ©. Ce serait la moindre des choses, quand on choisit un relais ce n'est pas pour Ãªtre livrÃ© dans un autre dÃ©partement!! Vous venez de perdre une cliente!",19/12/2023,1,,,
Houmrani Ali,Bonjour jâ€™ai passÃ© commande chez vous et jâ€™ai Ã©tais prÃ©levÃ© 2 fois sur mes deux comptes bancaires. En effet jâ€™ai payÃ© une premiÃ¨re fois avec lâ€™un de mes cartes et sa mâ€™a envoyÃ© un message qui me prÃ©cisez que jâ€™ai pas Ã©tais prÃ©levÃ© pcq jâ€™ai dÃ©passÃ© mes plafonds et g pas reÃ§u de mails de confirmation de la commande non plus de votre part. Donc jâ€™ai Ã©tais amenÃ© Ã  repayÃ© la commande avec mon autre carte bancaire et sa a fonctionnÃ© jâ€™ai reÃ§u le mail de confirmation puis le lendemain je vois des prÃ©lÃ¨vements du mÃªme montant sur les deux comptes je peux avoir des explications sâ€™il vous plaÃ®t ? et quâ€™en est-il pour mon remboursement ?? Je suis choquÃ©!!!!,14/12/2023,1,RÃ©ponse : Cdiscount,15/12/2023,"Bonjour,Si le paiement de votre premiÃ¨re commande n'a pas abouti, la commande n'est pas validÃ© et le prÃ©lÃ¨vement n'est pas effectuÃ©. Il doit donc s'agir d'une empreinte bancaire sur votre relevÃ© d'opÃ©rations : cela correspond Ã  une demande d'autorisation, et non Ã  un dÃ©bit. L'empreinte bancaire est automatiquement levÃ©e aprÃ¨s quelques jours ğŸ˜‰J'espÃ¨re que ces informations vous seront utiles !Bonne journÃ©e et Ã  bientÃ´t,Damien"
StÃ©phanie Van Bockstael,"Lave vaisselle commander le 6 dÃ©cembre.Livraison prÃ©vue le 12 dÃ©cembre, le livreur de la sociÃ©tÃ© cchezvous se prÃ©sente seul malgrÃ© avoir signalÃ© que la livraison se faisait au 1 et Ã©tage sans ascenseur avec un escalier en colimaÃ§on.Lâ€™appareil repart et livraison reprogrammÃ© aprÃ¨s mainte appel le 22 dÃ©cembre cette fois avec 2 personnes.Ce matin le 16 dÃ©cembre Cdiscount me contact pour mâ€™annoncer que ma commande est annulÃ© suite Ã  une panne informatiques.RÃ©sultat on est le 16 dÃ©cembre et jâ€™attend depuis 10 jours pour rien.DÃ©plorable aussi bien Cdiscount que cchezvous.Mr Damien,Je viens dâ€™apporter une rÃ©ponse Ã  votre message. Je suis moi mÃªme septique face Ã  la panne informatique ayant entrainÃ© lâ€™annulation de ma commande avancÃ© par les conseillers tÃ©lÃ©phoniques Cdiscount.Panne informatique oÃ¹ mÃ©contentement face Ã  lâ€™avis que jâ€™ai laissÃ© sur la sociÃ©tÃ© cchezvous (filiale Cdiscount) la veille de mon annulation ?Au lieu de trouver une solution face Ã  un client mÃ©content du service, on le supprime ? Est ce la votre politique commerciale ?Jâ€™espÃ¨re que vous mâ€™apporterez une rÃ©ponse. Cordialement",18/12/2023,1,RÃ©ponse : Cdiscount,18/12/2023,"Bonjour StÃ©phanie,je comprends votre mÃ©contentement pour le retard de cette commande. Je vais vous envoyer un mail depuis ce site pour mieux comprendre votre situation car si votre produit a failli Ãªtre livrÃ© la premiÃ¨re fois, il n'y a pas de raison apparente d'annuler la commande.ğŸ˜•Je vous remercie par avance de bien vouloir rÃ©pondre au mail que j'envoie depuis ce site,Damien"
al cadon,"cdiscount ferme les yeux ?vente de clÃ© windows 10 d activation a usage unique ?ceci n existe pas.. vous pouvez seulement vendre des licensesune fois achetee celle ci est reactivable meme si vous changez de materiel 20 fois !!! dans le respect 1 license = 1 postecdiscount ne publie pas les reponses aux questions mettant en garde les acheteurs de ces ventes , pire on y trouve meme le choix de l ""l expert"" ???si cdiscount lisait l avis de ses clients ca ferait longtemps qu ils auraient supprimÃ© ce type d annonce.... je les enjoint a se rÃ©fÃ¨rer a la lÃ©gislation en matiÃ¨de de logiciels",14/12/2023,1,RÃ©ponse : Cdiscount,14/12/2023,"Bonjour,Si le produit que vous avez reÃ§u n'est pas le bon, je vous encourage Ã  le signaler directement depuis votre espace client en ligne. Je vais Ã©galement vous envoyer un message pour que vous puissiez me confirmer la rÃ©fÃ©rence de la commande en privÃ©, ainsi que les coordonnÃ©es liÃ©es Ã  votre compte client Cdiscount ğŸ˜‰.Tous les avis sont publiÃ©s, mais si le vÃ´tre n'a pas pu l'Ãªtre, je vous invite Ã  consulter les conditions d'utilisation du site. Vous avez Ã©galement du recevoir un mail vous donnant la raison pour laquelle l'avis ne pouvait Ãªtre publiÃ©, et vous pouvez bien sÃ»r le soumettre de nouveau aprÃ¨s modification.ğŸ‘‰ https://www.cdiscount.com/avis-cgv.htmlA bientÃ´t,Damien"
DOMINIQUE VISY,jamais de souci avec Cdiscount ;  je le recommande Ã  mes amis(e),12/12/2023,4,RÃ©ponse : Cdiscount,13/12/2023,"Merci Dominique pour cette recommandation, cela fait plaisir Ã  lire !Je vous souhaite de belles fÃªtes de fin d'annÃ©e, et Ã  bientÃ´t ! ğŸ„Damien"
Dominique,Site fiable et suivi de dossier gÃ©nÃ©ralement trÃ¨s efficace,14/12/2023,5,,,
Kathleen dourville revert,Bonjour Je fais suite Ã  mon histoire avec cdiscount que j'ai poster derniÃ¨rement J'ai rappeller CDISCOUNT qui me demande de nouveau de patienter 48h et qu'ils vont voir avec le contentieux sauf que le service contentieux ne peux rien faire puisqu'ils gÃ¨rent les impayÃ©s et pas les ordinateurs perdus aprÃ¨s demande de rÃ©parations.Une personne qui s'appelle DAMIEN m'a rÃ©pondu en me demandant le numÃ©ro de colis ce que j'ai fait.Pourriez-vous m'aider svp car cela fait 3 semaines que le problÃ¨me persiste et que je ne sais pas oÃ¹ est mon ordinateur qui est normalement en rÃ©paration chez CORDONS ELECTRONICS Ã  Tourcoing.Ces derniers sont injoignables et ne rÃ©pondent pas aux mails et aucuns numÃ©ros de tÃ©lÃ©phone existent.,12/12/2023,1,RÃ©ponse : Cdiscount,12/12/2023,"Bonjour Kathleen,C'est moi qui vous ai demandÃ© vos coordonnÃ©es en privÃ© en effet suite Ã  votre prÃ©cÃ©dent avis, et je vous confirme que le service clients a bien reÃ§u votre message. Mes collÃ¨gues s'occupent de vous trouver une solution ğŸ˜‰A bientÃ´t,Damien"
BlueWorld,J' ai trouvÃ© les cadeaux de NOEL parfaits pour faire plaisir Ã  mes proches,12/12/2023,5,RÃ©ponse : Cdiscount,13/12/2023,Merci de ce message et merci de votre confiance ! Et je vous dis Ã  trÃ¨s bientÃ´t pour les fÃªtes de fin d'annÃ©e alors ğŸ„Damien
Daniel20,Lorsque l'on donne certains avis nÃ©gatifs ils ne sont pas publiÃ©s.,18/12/2023,2,RÃ©ponse : Cdiscount,18/12/2023,"Bonjour Daniel,Pour nous aussi les avis sont importants et ils sont bienvenus ! Ils doivent respecter les conditions de publication du site et cela peut expliquer pourquoi votre avis n'a pas Ã©tÃ© publiÃ©... Si c'est le cas, vous avez du recevoir un message pour vous donner la raison. Vous trouverez aussi des prÃ©cisions ici ğŸ‘‰https://www.cdiscount.com/avis-cgv.htmlA bientÃ´t et belles fÃªtes de fin d'annÃ©e ğŸ„Damien"
LEMESLE,TrÃ¨s mauvaise expÃ©rienceJ'ai Ã©tÃ© menÃ© en bateau pendant 2 semaines suite Ã  une erreur de prix de la part du site.Mon colis Ã©tait toujours disponible mais on m'a demandÃ© d'annuler ma commande.Ensuite on m'annonce que mon colis est en cours de livraison pour m'annoncer au bout de 2 semaines qu'ils me remboursent pour ne pas assumer l'erreur de prix alors que le produit Ã©tait en stock.Et ce mÃªme produit Ã  Ã©tÃ© finalement retirÃ© de la vente comme par hasard et sera remis en vente dans quelques semaines.Trop facile de rembourser pour ne pas vendre un produit mis en vente au mauvais prix et de demander d annuler la commande.Et comment expliquez vous que le produit soit actuellement disponible mais plus cher ?,15/12/2023,1,RÃ©ponse : Cdiscount,15/12/2023,"Bonjour,[Mise Ã  jour : il s'agit visiblement d'une rupture de stock et je suis dÃ©solÃ© de cette dÃ©ception. Le vendeur vous a informÃ© de la rupture de stock le 4/12 et dans ce cas, un remboursement est effectuÃ© pour ne pas vous faire attendre. J'espÃ¨re que nous pourrons mieux faire une prochaine fois !]Je suis dÃ©solÃ© de cette impression ğŸ˜• mais pouvez-vous en dire plus ?Il est important pour nous de tenir compte de vos remarques, les bonnes comme les mauvaises !Ã€ bientÃ´t j'espÃ¨re,Damien"
Ama,"Le site bloque et ne publie pas les avis nÃ©gatifs !! cela veut dire tromper le consommateur ! J'ai achetÃ© une Tassimo my way spÃ©cialement pour sa fonction de rÃ©glage de tempÃ©rature de la boisson . en rÃ©alitÃ© la boisson sort brulante mÃªme en mettant le rÃ©glage au minimum ! aucune diffÃ©rence entre les trois niveaux de tempÃ©rature ! Cdiscount a refusÃ© de publier mon avis!!!!!!!!! c'est hallucinant! En rÃ©ponse : mon avis respecte bien les conditions gÃ©nÃ©rales.. j'ai juste voulu avertir les consommateurs de cette promesse non tenue de cette cafetiÃ¨re , mais vous avez refusÃ© de publier mon avis!!! A quoi sert de nous demandez  notre avis sur le produit si vous cherchez que des avis positifs ???",12/12/2023,1,RÃ©ponse : Cdiscount,12/12/2023,"Bonjour Ama,Je comprends votre dÃ©ception si le produit ne correspond pas Ã  ce que vous attendiez ğŸ™. Tous les avis sont publiÃ©s, qu'ils soient positifs ou non, mais il faut quand mÃªme qu'ils respectent les conditions d'utilisation. Elles sont dÃ©taillÃ©es ici ğŸ‘‰ https://www.cdiscount.com/avis-cgv.htmlSi vous pensez que votre nouvelle machine dysfonctionne, il ne faut pas hÃ©siter Ã  le signaler depuis votre espace client en ligne. Cela permettra Ã  mes collÃ¨gues de vous trouver une solution.A bientÃ´t,Damien"
Niss,"J'ai effectuÃ© un achat pendant les blackdays avec un dÃ©lais de livraison long par rapport Ã  la concurrence mais correcte.DÃ©s la fin des blackdays,je reÃ§ois un mail m'indiquant que les dÃ©lais de livraison seront retardÃ©s je passe donc de article livrÃ© 1 semaine aprÃ¨s commande Ã  un mois.Le soucis c'est que les promos Ã©tant terminer si j'annule la commande et je vais chez un concurrent je serais perdant,je dois donc attendre et leur service client un coup il vous dise vous serez livrer dans les temps un coup on peut rien faire on avait plus les stocks !!!!!MÃ©fiez vous si vous Ãªtes pressÃ©. Commande passer le 23 novembre je n ai toujours rien reÃ§u.",12/12/2023,1,RÃ©ponse : Cdiscount,12/12/2023,"Bonjour Niss,Je comprends tout Ã  fait que ce soit dÃ©cevant, surtout si vous attendiez cette commande rapidement. Dans le cas oÃ¹ le produit est en rupture de stock, le service clients fait au mieux pour prÃ©voir une expÃ©dition rapidement. Mais je vais Ã©galement leur transmettre votre message, aussi je vous envoie une demande de prÃ©cisions via Trustpilot. Merci de bien indiquer la rÃ©fÃ©rence de la commande en privÃ© ! ğŸ˜‰A bientÃ´t,Damien"
stephane yala,je commande sur ce site depuis des annÃ©es et jamais dÃ©cu,11/12/2023,4,,,
FLORENCE BUON,TOUJOURS BIEN REÃ‡U MES COLIS ET DANS LES DÃ‰LAIS,13/12/2023,5,RÃ©ponse : Cdiscount,14/12/2023,Merci de votre confiance et de votre fidÃ©litÃ© !A trÃ¨s bientÃ´t et bonnes fÃªtes ğŸ„ğŸŒŸDamien
Hayarpi Meliksetyan,"Câ€™est un mouvez site,chaque fois il y a problÃ¨me ğŸ‘¿ Aujourdâ€™hui reÃ§u mâ€™a table basse abÃ®mÃ©e et avec des taches.et pour demander remboursement câ€™est un problÃ¨me aussi",18/12/2023,1,RÃ©ponse : Cdiscount,18/12/2023,"Bonjour,Si votre commande est arrivÃ©e abÃ®mÃ©e, mes collÃ¨gues pourront certainement vous trouver une solution ! ğŸ˜‰ Je vous envoie un message via Trustpilot pour en savoir plus : n'hÃ©sitez pas Ã  me confirmer la rÃ©fÃ©rence de la commande en privÃ©.A bientÃ´t,Damien"
pascal250,j ai commande des produits j ai paye en une seule fois et cdiscount  me fait payer en 4 fois donc avec des frais c est la derniere fois que je commande chez eux c est du vol,16/12/2023,1,RÃ©ponse : Cdiscount,18/12/2023,"Bonjour Pascal,je lis votre commentaire et je comprends qu'il y a sÃ»rement eu une erreur Ã  une Ã©tape du paiement car il est nÃ©cessaire de faire une dÃ©marche pour avoir le paiement en plusieurs fois ğŸ˜•Cette facilitÃ© de paiement est souvent utilisÃ©e, surtout au moment des fÃªtes pour faire des cadeaux Ã  tout le monde ğŸ„Si vous voulez de l'aide au moment du paiement, n'hÃ©sitez pas Ã  contacter mes collÃ¨gues. Voici les moyens de les joindre : https://clients.cdiscount.com/frequentlyaskedquestions.html?userinput=Comment%2520contacter%2520Cdiscount%2520%3FÃ€ bientÃ´t, j'espÃ¨reDamien"
Rodolphe DUBOIS,"Jâ€™ai souhaitÃ© acheter sur un site franÃ§ais un produit franÃ§ais Câ€™Ã©tait un chauffage Ã  gaz arrivÃ© dÃ©foncÃ© sur le bas alors que le carton dâ€™emballage Ã©tait intacteJe lâ€™ai signalÃ© au vendeur et Ã  Cdiscount et rien nâ€™a Ã©tÃ© fait pour me dÃ©dommager MoralitÃ© Acheter sur Amazon du made in chinaCâ€™est moins cher, mieux livrÃ© et le SAV est top",13/12/2023,1,RÃ©ponse : Cdiscount,15/12/2023,"Bonjour Rodolphe,[Mise Ã  jour : je vois que le service clients vous a proposÃ© un retour en septembre et vous a fait parvenir un bon de retour prÃ©payÃ©. Avez-vous pu renvoyer l'article ?]Je suis dÃ©solÃ© de cette expÃ©rience et pour nous aussi, c'est important que vous receviez votre commande en bon Ã©tat ğŸ˜”. Si ce n'est pas le cas, le vendeur doit vous trouver une solution et mes collÃ¨gues prennent le relais en cas de besoin. Je vous envoie un message via Trustpilot pour avoir la rÃ©fÃ©rence de la commande : cela permettra au service clients de faire le point sur votre chauffage.A bientÃ´t,Damien"
Victorine,"Je partage les avis nÃ©gatifs postÃ©s ici. Personnellement cliente d'Amazon et de Cdiscount depuis prÃ¨s de 10 ans, je vous recommande fortement Amazon qui a un SAV topissime. A contrario, la sÃ©lection des entreprises du Market place de Cdiscount est problÃ©matique, j'ai d'ENORMES DIFFICULTES DE COMMUNICATION AVEC CHELESAN SHOP.Robot aspirateur payÃ© prÃ¨s de 800e, je reÃ§ois d abord le mauvais robot (un modÃ¨le qui coÃ»te 300e). Je finis par recevoir le bon modÃ¨le 2 semaines et demi aprÃ¨s ma commande, mais ce dernier s avÃ¨re dÃ©fectueux. Entre temps Ã  chaque livraison et enlÃ¨vement j ai du passer la journÃ©e chez moi pour attendre GLS...S'ensuivront plus d un mois d'Ã©changes lunaires avec des soit disants experts qui ne connaissent mÃªme pas le fonctionnement du produit: on m'explique par exemple que c'est en gardant la serpilliÃ¨re humide aprÃ¨s son lavage qu'elle lave le sol ensuite (alors qu il y a un rÃ©servoir d eau interne) !!! Ces mÃªmes ''experts'' prÃ©tendent avoir rÃ©parÃ© le robot mais aucune preuve exploitable. Et le service client de la market place qui ne rÃ©pond pas...800e de moins sur mon compte et plus de 2 mois aprÃ¨s ma commande, je dois encore payer une femme de mÃ©nage (j'ai de gros problÃ¨mes de dos). Je ne sais pas ce que ces soit disants experts ont fait avec le produit, je n'ai toujours aucune preuve qu'il a Ã©tÃ© rÃ©parÃ© et dans tous les cas j'ai peur pour sa longÃ©vitÃ©. Mais pas de rÃ©ponse Ã  ma demande de remboursement.",16/12/2023,1,RÃ©ponse : Cdiscount,18/12/2023,"Bonjour Victorine,je vous remercie dans un premier temps pour votre fidÃ©litÃ© ğŸ˜‰Je comprends votre dÃ©ception concernant ce produit. Pour que je puisse transmettre votre message Ã  mes collÃ¨gues du service clients, je vais vous envoyer une demande d'informations depuis ce site.Je vous remercie par avance de bien vouloir rÃ©pondre Ã  ce message,Ã€ tout de suite,Damien"
Client,qualitÃ© prix ( en plus livraison gratuite),13/12/2023,5,,,
JHO,"TrÃ¨s dÃ©Ã§u de discount. J'Ã©tais un nouveau client et avec ma premiÃ¨re commande, j'ai Ã©galement adhÃ©rÃ© au CDiscount Ã  volontÃ© (1 an).J'ai payÃ© ma commande et en plus 29 euros pour le CDiscount Ã  volontÃ©. Au bout d'une semaine, mon abonnement CDiscount Ã  volontÃ© a Ã©tÃ© annulÃ© par CDiscount. J'ai appelÃ© le service client Ã  plusieurs reprises, ils ont vu que Ã§a n'allait pas, ont promis de rÃ©gler le problÃ¨me mais rien ne s'est passÃ© depuis... J'ai envoyÃ© une preuve de paiement, Ã§a ne change rien pour eux, ils ne corrigent pas leur erreur Ã©vidente.Ils n'ont pas non plus tenu leur promesse de rÃ©pondre dans les 48 heures Ã  plusieurs reprises, ils ne rÃ©pondent tout simplement plus du tout.Et mes 29 euros ? Disparus! Merci, CDiscount. CDiscount a vol(ont)Ã©.",15/12/2023,1,RÃ©ponse : Cdiscount,15/12/2023,"Bonjour,C'est Ã©tonnant si votre abonnement Cdiscount Ã  VolontÃ© a Ã©tÃ© annulÃ© alors que vous souhaitiez le conserver ! Je vais demander Ã  mes collÃ¨gues de vÃ©rifier une nouvelle fois ce qu'il s'est passÃ© : je vous envoie un message via Trustpilot pour que vous puissiez me confirmer la rÃ©fÃ©rence de la commande. Et j'espÃ¨re que nous pourrons Ã©claircir cette situation ! ğŸ˜‰A trÃ¨s bientÃ´t,Damien"
Najoua Kallouh,"Encore des mensonges et du baratin de la part de Cdiscount ! Le 15 dÃ©cembre je reÃ§ois le e-mail suivant : Bonjour,Suite Ã  votre demande, nous relanÃ§ons le vendeur.Si le vendeur n'a pas solutionnÃ© votre problÃ¨me d'ici 48h, nous vous rembourserons le produit.Merci de votre comprÃ©hension,L'Ã©quipe Cdiscount, Le vendeur ne rÃ©pond pas et Cdiscount ne tient toujours pas parole !! Aujourdâ€™hui le 19 dÃ©cembre 2023 je contacte le service par tÃ©lÃ©phone qui me rÃ©pond que la demande est transmise et voici ce que je reÃ§ois quelques minutes aprÃ¨s !Bonjour,Nous avons demandÃ© au vendeur de vous fournir une solution conforme pour rÃ©pondre Ã  votre demande de retour.Pour information, le vendeur peut vous proposer le retour de votre produit Ã  l'aide d'une Ã©tiquette prÃ©payÃ©e ou d'une adresse de retour en France. Il pourra vous proposer l'Ã©change, le remboursement partiel sans retour ou le remboursement total du produit sans retour.Merci pour votre comprÃ©hension,L'Ã©quipe CdiscountVous me prenez pour une imbecile ! Vous nâ€™avez aucun respect ni aucune parole câ€™est une honte !! Ã  ce jour aucune solution et on me demande de patienter encore et encore mais Ã  quoi sert la protection acheteur Cdiscount ??! Jâ€™AI LE DROIT DE DEMANDER LE RETOUR ET LE REMBOURSEMENT Dâ€™UN ARTICLE REÃ‡U DÃ‰FECTUEUX ! Câ€™EST LA LOI !!!! Jâ€™attends depuis des semaines et Ã  chaque fois câ€™est la mÃªme histoire avec les mÃªme rÃ©ponses !! Quand comptez-vous prendre VOS RESPONSABILITÃ‰S ??!! Câ€™est facile de proposer des produits qui viennent de je ne sais oÃ¹ et vendus par des vendeurs malhonnÃªtes mais il faut respecter lâ€™acheteur qui VOUS a fait confiance !! Je souhaite une solution Ã  ma demande je souhaite retourner le produit reÃ§u dÃ©fectueux et Ãªtre remboursÃ©e et ne pas attendre encore en me brossant dans le sens du poile et sans aucune suite Ã  mes rÃ©clamations !!",19/12/2023,1,,,
Matthieu,"TrÃ¨s mauvaise expÃ©rience avec un vendeur marketplace qui n'a jamais expÃ©diÃ© la commande, le service client Cdiscount est tout autant aux abonnÃ©s absents: impossible Ã  joindre par tÃ©lÃ©phone, opÃ©rateurs derriÃ¨re le chat avec des rÃ©ponses toutes faites, on m'annonce Ãªtre rappelÃ© mais je ne le suis jamais... malheureusement je ne passerai plus par cette enseigne!",13/12/2023,1,RÃ©ponse : Cdiscount,13/12/2023,"Bonjour Matthieu,Je vais demander Ã  mes collÃ¨gues de faire le nÃ©cessaire auprÃ¨s du vendeur pour qu'il vous trouve une solution : le vendeur a 48 heures pour vous rÃ©pondre, mais le service clients prend le relais en cas de besoin ğŸ˜‰. Je vous envoie un message via Trustpilot pour avoir la rÃ©fÃ©rence de votre commande.A trÃ¨s bientÃ´t,Damien"
thouvenel herve,"Jâ€™Ã©tais bloque ,mais vous avait fait en sorte que cela fonctionne . Merci",15/12/2023,5,RÃ©ponse : Cdiscount,15/12/2023,"Bonjour HervÃ©,Content que mes collÃ¨gues aient pu vous trouver une solution ! Merci de votre patience et Ã  bientÃ´t... et bonnes fÃªtes ! ğŸ„ğŸŒŸDamien"
yvette,j espere que les avis sont bon car me fie a eux,19/12/2023,4,,,
CELINE GARCIA,IMPOSSIBLE DE CHANGER LE MOYEN DE PAIMENT,18/12/2023,3,RÃ©ponse : Cdiscount,19/12/2023,"Bonjour CÃ©line,J'espÃ¨re que vous avez quand mÃªme pu finaliser votre commande comme vous le souhaitiez ! Vous trouverez des prÃ©cisions sur les diffÃ©rents moyens de paiement ici ğŸ‘‰https://www.cdiscount.com/payment/paymentinfo.htmlEt en cas de besoin, mes collÃ¨gues peuvent toujours vous aider Ã  finaliser la commande. Voici comment les contacter ğŸ‘‰ https://clients.cdiscount.com/contact-service-client.htmlA bientÃ´t et bonnes fÃªtes,Damien"
Eliel MONCADA,"Achat effectuÃ© sur le site pour un article en rÃ©duction de 5euro grÃ¢ce Ã  un code promo, or celui-ci a Ã©tÃ© appliquÃ© Ã  la pÃ©riode d'essai GRATUITE de l'abonnement cdiscount Ã  volontÃ©.AprÃ©s un appel au service client pour vÃ©rifier, on me confirme que le montant prÃ©levÃ© sera bien avec la remise sur le produit. Je passe donc commande, et surprise ce n'est pas du tout le cas.Je rappelle pour avoir des explications, et on me dit qu'ils ne peuvent plus rien faire par tÃ©lÃ©phone et qu'il faut faire un email au service avant vente. Aucune rÃ©ponse dudit service Ã  mon emailâ€¦ et impossibilitÃ© de renvoyer l'article sans avoir Ã  payer 6.90 euro de frais de retour, alors que j'ai Ã©tÃ© trompÃ© par le service client.Au revoir cdiscount, c'est la derniÃ¨re fois que je me fais avoir.Mise Ã  jour du 19/12: aprÃ¨s vÃ©rification le service client m'a contactÃ© pour me confirmer qu'il s'agissait bien d'une erreur. Mais Ã©tant donnÃ© que le code promo n'est ni compensable, ni remboursable: ils ne peuvent rien faire pour moi... Pas trÃ¨s commerÃ§ant comme conclusion.",19/12/2023,1,RÃ©ponse : Cdiscount,15/12/2023,"Bonjour,C'est Ã©tonnant que la remise ait Ã©tÃ© appliquÃ©e sur votre abonnement en effet ! Mes collÃ¨gues vont vÃ©rifier ce qu'il s'est passÃ© : merci de me prÃ©ciser la rÃ©fÃ©rence de la commande en privÃ© ğŸ˜‰A bientÃ´t,Damien"
Amine,,13/12/2023,5,,,
annonces leboncoin MylÃ¨ne,"Scandaleux ! Des voleurs, des menteurs c'est honteux d'arnaquer les gens comme Ã§a surtout avant les fÃªtes de fin d'annÃ©e ! J'achÃ¨te un bracelet ""taille large"" je reÃ§oit un S. Je fais rÃ©clamation, ils me rÃ©pondent ""chez nous le large correspond au S"" donc dÃ©jÃ  la nous sommes sur une belle arnaque ! Je demande un remboursement, on me dit de retourner a une adresse point, pas plus de dÃ©tail. Je retourne, en lettre suivie, la lettre est dÃ©posÃ©e en boÃ®te aux lettres le 27/11 ! Preuve de la poste, jour et heure, numÃ©ro de suivi etc. Ils me disent qu'ils n'ont jamais reÃ§u la lettre et donc ne me rembourse pas ! J'ai fouillÃ© sur le site et l'annonce, a AUCUN, moment il n'est mentionnÃ© de renvoyer contre signature par consÃ©quent cet argument n'est pas valable pour me refuser le remboursement. C'est honteux, ce sont des voleurs !",14/12/2023,1,RÃ©ponse : Cdiscount,14/12/2023,"Bonjour MylÃ¨ne,Je suis dÃ©solÃ© si cette expÃ©rience vous a dÃ©Ã§ue mais les termes que vous employez ne nous correspondent pas !Vous avez demandÃ© Ã  renvoyer un produit qui ne vous convenait pas, et vous avez bien fait. Il y a visiblement un malentendu mais mes collÃ¨gues du service clients ne vous laisseront pas sans solution.â¡ Si votre commande a Ã©tÃ© passÃ©e auprÃ¨s d'un vendeur marketplace, n'hÃ©sitez pas Ã  demander l'intervention du service clients via votre Espace Client.Je vous envoie aussi une demande d'informations pour vÃ©rifier ce qu'il se passe.Merci de votre retour et Ã  bientÃ´t,Damien"
jean-marc Gebleux,,13/12/2023,4,RÃ©ponse : Cdiscount,13/12/2023,"Bonjour Jean-Marc, merci pour votre commande !Que manquerait-il pour une expÃ©rience au top ? ğŸ˜Šâ­A bientÃ´t et bonnes fÃªtes,Damien"
